drug_name,gene_symbol
(5Z)-7-Oxozeaenol,MAP3K7
965-D2,MKNK1
965-D2,MKNK2
965-D2,PIM1
965-D2,PIM3
993-D2,MKNK1
993-D2,MKNK2
A-366,EHMT1
A-366,EHMT2
A-443654,AKT1
A-443654,AKT2
A-443654,AKT3
A-770041,FYN
A-770041,LCK
A-83-01,TGFBR1
ABT737,BCL2
ABT737,BCL2A1
ABT737,BCL2L1
ABT737,BCL2L10
ABT737,BCL2L2
ACY-1215,HDAC6
AGI-5198,IDH1
AGI-6780,IDH2
AGK2,BAZ2A
AGK2,BAZ2B
AICA Ribonucleotide,ATIC
AICA Ribonucleotide,CASP3
AICA Ribonucleotide,CASP9
AKT inhibitor VIII,AKT1
AKT inhibitor VIII,AKT2
AKT inhibitor VIII,AKT3
AMG-319,PIK3CA
AMG-319,PIK3CB
AMG-319,PIK3CD
AMG-319,PIK3CG
AR-42,HDAC1
ARRY-520,KIF11
AST-1306,EGFR
AST-1306,ERBB4
AT-7519,CDK1
AT-7519,CDK2
AT-7519,CDK4
AT-7519,CDK6
AT-7519,CDK9
AT13148,AKT1
AT7867,AKT1
AT7867,AKT2
AT7867,AKT3
AZ20,ATR
AZ6102,TNKS2
AZ628,BRAF
AZ960,JAK2
AZ960,JAK3
AZD1208,PIM1
AZD1208,PIM2
AZD1208,PIM3
AZD1332,NTRK1
AZD1332,NTRK2
AZD1332,NTRK3
AZD1480,JAK1
AZD1480,JAK2
AZD3514,AR
AZD3759,EGFR
AZD4547,FGFR1
AZD4547,FGFR2
AZD4547,FGFR3
AZD4877,CYP1A2
AZD4877,CYP2C19
AZD4877,CYP2C9
AZD4877,CYP3A4
AZD4877,GNG7
AZD4877,KIF11
AZD4877,KIF5B
AZD5153,BRD4
AZD5363,AKT1
AZD5363,AKT2
AZD5363,AKT3
AZD5363,ROCK2
AZD5438,CDK2
AZD5582,XIAP
AZD5991,MCL1
AZD6094,MET
AZD6482,PIK3CB
AZD6738,ATR
AZD7762,CHEK1
AZD7762,CHEK2
AZD7969,GSK3B
AZD8186,PIK3CB
AZD8835,ATR
AZD8835,F7
AZD8835,PIK3CA
AZD8835,PIK3CB
AZD8835,PIK3CD
AZD8835,PIK3CG
AZD8835,PTEN
AZD8835,VDR
AZD8931,EGFR
AZD8931,ERBB2
AZD8931,ERBB3
Afatinib,EGFR
Afatinib,ERBB2
Afuresertib,AKT1
Afuresertib,AKT2
Afuresertib,AKT3
Alectinib,ALK
Alisertib,AURKA
Alpelisib,ABCB1
Alpelisib,ABCG2
Alpelisib,ARID1A
Alpelisib,ATR
Alpelisib,BRAF
Alpelisib,CYP2C19
Alpelisib,CYP2C8
Alpelisib,CYP2C9
Alpelisib,CYP3A4
Alpelisib,ERBB2
Alpelisib,ESR1
Alpelisib,ESR2
Alpelisib,F5
Alpelisib,F7
Alpelisib,FGFR1
Alpelisib,FGFR2
Alpelisib,FGFR3
Alpelisib,GAK
Alpelisib,HRAS
Alpelisib,MAP2K1
Alpelisib,MTOR
Alpelisib,NRAS
Alpelisib,PIK3C2A
Alpelisib,PIK3C2B
Alpelisib,PIK3C2G
Alpelisib,PIK3C3
Alpelisib,PIK3CA
Alpelisib,PIK3CB
Alpelisib,PIK3CD
Alpelisib,PIK3CG
Alpelisib,PIK3R1
Alpelisib,PIK3R2
Alpelisib,PIK3R3
Alpelisib,PIK3R4
Alpelisib,PIK3R5
Alpelisib,PIK3R6
Alpelisib,PRKACG
Alpelisib,PRKDC
Alpelisib,PTEN
Alpelisib,TP53
Amuvatinib,FLT3
Amuvatinib,KIT
Amuvatinib,PDGFRA
Apitolisib,MTOR
Apitolisib,PIK3CA
Apitolisib,PIK3CB
Apitolisib,PIK3CD
Apitolisib,PIK3CG
Avagacestat,APH1A
Avagacestat,APH1B
Avagacestat,BACE2
Avagacestat,NCSTN
Avagacestat,PSEN1
Avagacestat,PSEN2
Avagacestat,PSENEN
Axitinib,KIT
Axitinib,PDGFRA
Axitinib,PDGFRB
BAY ACCi,ACACA
BAY AKT1,AKT1
BAY AKT1,AKT2
BAY AKT1,AKT3
BAY-61-3606,SYK
BAY-HDAC11_1,HDAC11
BAY-HDAC11_2,HDAC11
BAY-HDAC11_4,HDAC11
BDF00022089a,BRPF1
BDF00022089a,BRPF3
BDILV000379a,BAZ2A
BDILV000379a,BAZ2B
BDOCA000347a,BRPF1
BDOCA000347a,BRPF3
BI-2536,PLK1
BI-2536,PLK2
BI-2536,PLK3
BIBF-1120,PDGFRA
BIBF-1120,PDGFRB
BIBR-1532,TERT
BMS-509744,ITK
BMS-536924,IGF1R
BMS-754807,IGF1R
BPTES,GLS
BX-912,PDK1
BX795,AURKB
BX795,AURKC
BX795,PDK1
BX795,TBK1
Belinostat,HDAC1
Bexarotene,ABCC3
Bexarotene,ABCC4
Bexarotene,BLM
Bexarotene,CCND1
Bexarotene,CYP19A1
Bexarotene,CYP26B1
Bexarotene,CYP2C8
Bexarotene,CYP3A4
Bexarotene,ESR1
Bexarotene,HCN2
Bexarotene,HSPB1
Bexarotene,KAT2A
Bexarotene,MAPK8
Bexarotene,NR1H2
Bexarotene,NR1H3
Bexarotene,NR1I2
Bexarotene,NR3C1
Bexarotene,NR4A2
Bexarotene,OPN1SW
Bexarotene,PPARG
Bexarotene,RARA
Bexarotene,RARB
Bexarotene,RARG
Bexarotene,RXRA
Bexarotene,RXRB
Bexarotene,RXRG
Bexarotene,TP53
Bexarotene,USP1
Bicalutamide,AR
Bleomycin (50 uM),ADK
Bleomycin (50 uM),AFP
Bleomycin (50 uM),BLMH
Bleomycin (50 uM),BRCA1
Bleomycin (50 uM),CCL17
Bleomycin (50 uM),CTLA4
Bleomycin (50 uM),F2R
Bleomycin (50 uM),GJA1
Bleomycin (50 uM),GSTM1
Bleomycin (50 uM),IFNG
Bleomycin (50 uM),LIG1
Bleomycin (50 uM),LIG3
Bleomycin (50 uM),MAPK8
Bleomycin (50 uM),NFE2L2
Bleomycin (50 uM),PLAU
Bleomycin (50 uM),SMAD2
Bleomycin (50 uM),WRN
Bortezomib,ABCB1
Bortezomib,ABCC3
Bortezomib,ABCC4
Bortezomib,ADRM1
Bortezomib,AR
Bortezomib,ATAD5
Bortezomib,B2M
Bortezomib,BCL2
Bortezomib,BCL2L2
Bortezomib,BDNF
Bortezomib,CA1
Bortezomib,CA12
Bortezomib,CA13
Bortezomib,CA14
Bortezomib,CA2
Bortezomib,CA3
Bortezomib,CA4
Bortezomib,CA5A
Bortezomib,CA5B
Bortezomib,CA6
Bortezomib,CA7
Bortezomib,CA9
Bortezomib,CAPN1
Bortezomib,CMA1
Bortezomib,CTRB1
Bortezomib,CTSA
Bortezomib,CTSB
Bortezomib,CTSG
Bortezomib,CTSL
Bortezomib,CYP19A1
Bortezomib,CYP1A2
Bortezomib,CYP2C19
Bortezomib,CYP2C9
Bortezomib,CYP2D6
Bortezomib,CYP3A4
Bortezomib,DDIT3
Bortezomib,E2F1
Bortezomib,ELANE
Bortezomib,ESR1
Bortezomib,F12
Bortezomib,F2
Bortezomib,FGFR3
Bortezomib,FLT3
Bortezomib,HDAC1
Bortezomib,HDAC2
Bortezomib,HDAC3
Bortezomib,HDAC8
Bortezomib,HSPA4
Bortezomib,HSPB1
Bortezomib,HSPB2
Bortezomib,LONP1
Bortezomib,NFE2L2
Bortezomib,NFKB1
Bortezomib,NFKB2
Bortezomib,PIK3CA
Bortezomib,PIK3CG
Bortezomib,PLAT
Bortezomib,PLG
Bortezomib,PMAIP1
Bortezomib,PRSS1
Bortezomib,PRSS2
Bortezomib,PRSS3
Bortezomib,PSMA1
Bortezomib,PSMA2
Bortezomib,PSMA3
Bortezomib,PSMA4
Bortezomib,PSMA5
Bortezomib,PSMA6
Bortezomib,PSMA7
Bortezomib,PSMA8
Bortezomib,PSMB1
Bortezomib,PSMB10
Bortezomib,PSMB11
Bortezomib,PSMB2
Bortezomib,PSMB3
Bortezomib,PSMB4
Bortezomib,PSMB5
Bortezomib,PSMB6
Bortezomib,PSMB7
Bortezomib,PSMB8
Bortezomib,PSMB9
Bortezomib,PSMC1
Bortezomib,PSMC2
Bortezomib,PSMC3
Bortezomib,PSMC3IP
Bortezomib,PSMC4
Bortezomib,PSMC5
Bortezomib,PSMC6
Bortezomib,PSMD1
Bortezomib,PSMD10
Bortezomib,PSMD11
Bortezomib,PSMD12
Bortezomib,PSMD13
Bortezomib,PSMD14
Bortezomib,PSMD2
Bortezomib,PSMD3
Bortezomib,PSMD4
Bortezomib,PSMD5
Bortezomib,PSMD6
Bortezomib,PSMD7
Bortezomib,PSMD8
Bortezomib,PSMD9
Bortezomib,PSME1
Bortezomib,PSME2
Bortezomib,PSME3
Bortezomib,PSME4
Bortezomib,PSMF1
Bortezomib,RELA
Bortezomib,SEM1
Bortezomib,SLCO1B3
Bortezomib,TDP1
Bortezomib,TP53
Bortezomib,XIAP
Bosutinib,ABL1
Bosutinib,SRC
Bosutinib,TEC
"Brivanib, BMS-540215",PDGFRA
"Brivanib, BMS-540215",PDGFRB
Bromosporine,BRD2
Bromosporine,BRD4
Bromosporine,BRD9
Bromosporine,CECR2
Bryostatin 1,ABCB1
Bryostatin 1,CASP8
Bryostatin 1,CCND1
Bryostatin 1,CD86
Bryostatin 1,CDK2
Bryostatin 1,CYP3A4
Bryostatin 1,HRAS
Bryostatin 1,IL2RA
Bryostatin 1,MYC
Bryostatin 1,PRKCA
Bryostatin 1,PRKCB
Bryostatin 1,PRKCD
Bryostatin 1,PRKCE
Bryostatin 1,PRKCG
Bryostatin 1,PRKCH
Bryostatin 1,PRKCQ
Bryostatin 1,PRKD1
Bryostatin 1,PRKD2
Bryostatin 1,PRKD3
Bryostatin 1,PRRT2
Bryostatin 1,PTGS2
Bryostatin 1,PTH
Bryostatin 1,TNF
Buparlisib,PIK3CB
C-75,FAS
CAY10603,HDAC1
CAY10603,HDAC6
CCT-018159,HSP90AB1
CCT007093,PPM1D
CCT245232,HSF1
CCT245467,HSF1
CD532,AURKA
CDK9_5038,CDK9
CDK9_5576,CDK9
CGP-082996,CDK4
CGP-60474,CDK1
CGP-60474,CDK2
CGP-60474,CDK5
CGP-60474,CDK7
CGP-60474,CDK9
CHIR-99021,GSK3A
CHIR-99021,GSK3B
CI-1033,EGFR
CI-1033,ERBB2
CI-1033,ERBB4
CI-1040,MAP2K1
CI-1040,MAP2K2
CP466722,ATM
CP724714,ERBB2
CPI-637,EP300
CRT0105446,LCK
CRT0105446,MTOR
CRT0160829,CDC7
CT7033-2,KDM3A
CT7033-2,KDM4A
CT7033-2,KDM4C
CT7033-2,KDM4E
CT7033-2,KDM6B
CUDC-101,EGFR
CUDC-101,ERBB2
CX-5461,PTEN
Cabozantinib,AXL
Cabozantinib,FLT1
Cabozantinib,FLT3
Cabozantinib,FLT4
Cabozantinib,KIT
Cabozantinib,MET
Cabozantinib,RET
Camptothecin,TOP1
Capivasertib,AKT1
Capivasertib,AKT2
Capivasertib,AKT3
Cediranib,FLT1
Cediranib,FLT3
Cediranib,FLT4
Cediranib,KIT
Cediranib,PDGFRB
Cetuximab,EGFR
Cisplatin,A2M
Cisplatin,ABCC2
Cisplatin,ABCC3
Cisplatin,ABCC5
Cisplatin,ABCC6
Cisplatin,ABCG2
Cisplatin,ALB
Cisplatin,ATOX1
Cisplatin,ATP7A
Cisplatin,BCHE
Cisplatin,CYP2B6
Cisplatin,CYP2C9
Cisplatin,CYP4A11
Cisplatin,GSTM1
Cisplatin,MPG
Cisplatin,MPO
Cisplatin,MT1A
Cisplatin,MT2A
Cisplatin,NQO1
Cisplatin,PTGS2
Cisplatin,SLC22A2
Cisplatin,SLC31A1
Cisplatin,SLC31A2
Cisplatin,SOD1
Cisplatin,TF
Cisplatin,XDH
Crizotinib,ALK
Crizotinib,MET
Crizotinib,ROS1
Cyclopamine,SMO
Cyclophosphamide,ABCC2
Cyclophosphamide,ABCC3
Cyclophosphamide,ABCC4
Cyclophosphamide,ABCG2
Cyclophosphamide,ACTB
Cyclophosphamide,ADH1C
Cyclophosphamide,ALDH3A1
Cyclophosphamide,ALK
Cyclophosphamide,ATF5
Cyclophosphamide,ATM
Cyclophosphamide,BAX
Cyclophosphamide,BMP7
Cyclophosphamide,CBR1
Cyclophosphamide,CBR3
Cyclophosphamide,CBX1
Cyclophosphamide,CCNK
Cyclophosphamide,CPT1A
Cyclophosphamide,CTNNB1
Cyclophosphamide,CXCL12
Cyclophosphamide,CXCL8
Cyclophosphamide,CXCR2
Cyclophosphamide,CYBA
Cyclophosphamide,CYP1A2
Cyclophosphamide,CYP1B1
Cyclophosphamide,CYP2A6
Cyclophosphamide,CYP2B6
Cyclophosphamide,CYP2C18
Cyclophosphamide,CYP2C19
Cyclophosphamide,CYP2C8
Cyclophosphamide,CYP2C9
Cyclophosphamide,CYP2D6
Cyclophosphamide,CYP3A4
Cyclophosphamide,CYP3A5
Cyclophosphamide,CYP4X1
Cyclophosphamide,DOK5
Cyclophosphamide,EHMT2
Cyclophosphamide,FAS
Cyclophosphamide,FCGR2A
Cyclophosphamide,FCGR3A
Cyclophosphamide,FGFR4
Cyclophosphamide,FOXO1
Cyclophosphamide,GATA3
Cyclophosphamide,GNL3
Cyclophosphamide,GSTM1
Cyclophosphamide,GSTP1
Cyclophosphamide,HMMR
Cyclophosphamide,IFNG
Cyclophosphamide,IGHMBP2
Cyclophosphamide,IL5
Cyclophosphamide,INSR
Cyclophosphamide,IRS1
Cyclophosphamide,ITGAL
Cyclophosphamide,ITGB2
Cyclophosphamide,MAPK3
Cyclophosphamide,MDM2
Cyclophosphamide,MISP
Cyclophosphamide,MTR
Cyclophosphamide,MUTYH
Cyclophosphamide,MYCN
Cyclophosphamide,NAT2
Cyclophosphamide,NOS1
Cyclophosphamide,NR1I2
Cyclophosphamide,NTF3
Cyclophosphamide,NTRK1
Cyclophosphamide,PERP
Cyclophosphamide,PIK3R2
Cyclophosphamide,PNPLA3
Cyclophosphamide,PPP2R5D
Cyclophosphamide,RAC2
Cyclophosphamide,RBX1
Cyclophosphamide,SLCO1B1
Cyclophosphamide,SPIDR
Cyclophosphamide,TNFRSF1A
Cyclophosphamide,TOP1
Cyclophosphamide,TP53
Cyclophosphamide,TP53AIP1
Cyclophosphamide,TPMT
Cyclophosphamide,TUBB2A
Cytarabine,ABCC10
Cytarabine,ABCC3
Cytarabine,ABCC4
Cytarabine,ADH1A
Cytarabine,ALK
Cytarabine,AR
Cytarabine,ARHGAP9
Cytarabine,ATF5
Cytarabine,BIRC5
Cytarabine,BMP7
Cytarabine,CBFB
Cytarabine,CBR3
Cytarabine,CCND1
Cytarabine,CDA
Cytarabine,CPT1A
Cytarabine,CSF2
Cytarabine,CYP1A2
Cytarabine,CYP2C19
Cytarabine,CYP2C9
Cytarabine,CYP2D6
Cytarabine,CYP2E1
Cytarabine,CYP3A4
Cytarabine,DCK
Cytarabine,DCTD
Cytarabine,DOK5
Cytarabine,EHMT2
Cytarabine,FCGR3A
Cytarabine,FCGR3B
Cytarabine,FLT3
Cytarabine,GATA3
Cytarabine,GLI1
Cytarabine,GSTP1
Cytarabine,HSPA4
Cytarabine,IDH1
Cytarabine,IDH2
Cytarabine,IGHMBP2
Cytarabine,IL1B
Cytarabine,ITGAV
Cytarabine,KDM4E
Cytarabine,KIT
Cytarabine,KMT2A
Cytarabine,MAGEA1
Cytarabine,MDM2
Cytarabine,MED12L
Cytarabine,MSH2
Cytarabine,NCOA3
Cytarabine,NOS3
Cytarabine,NQO1
Cytarabine,NQO2
Cytarabine,NRAS
Cytarabine,NRG1
Cytarabine,NT5C2
Cytarabine,NT5C3A
Cytarabine,NT5E
Cytarabine,NTRK1
Cytarabine,P2RY12
Cytarabine,PNPLA3
Cytarabine,POLB
Cytarabine,RRM1
Cytarabine,RRM2
Cytarabine,RRM2B
Cytarabine,RUNX1
Cytarabine,SLC22A12
Cytarabine,SLC22A4
Cytarabine,SLC29A1
Cytarabine,SLCO1B1
Cytarabine,SULT2B1
Cytarabine,TDP1
Cytarabine,TK1
Cytarabine,TK2
Cytarabine,TP53
Cytarabine,TP73
Cytarabine,TPMT
Cytarabine,TYMS
Cytarabine,VDR
Cytarabine,XIAP
Dabrafenib,BRAF
Dacarbazine,ADK
Dacarbazine,BAX
Dacarbazine,CXCL8
Dacarbazine,CYP1A1
Dacarbazine,CYP1A2
Dacarbazine,CYP2C19
Dacarbazine,CYP2C9
Dacarbazine,CYP2D6
Dacarbazine,CYP2E1
Dacarbazine,CYP3A4
Dacarbazine,EPM2AIP1
Dacarbazine,GSTM1
Dacarbazine,MGMT
Dacarbazine,MMP9
Dacarbazine,PAX8
Dacarbazine,PGD
Dacarbazine,PLAU
Dacarbazine,POLA2
Dacinostat,HDAC1
Dactinomycin,ABCB1
Dactinomycin,ABCC1
Dactinomycin,ABCC6
Dactinomycin,ABCG2
Dactinomycin,AFP
Dactinomycin,ALOX15
Dactinomycin,APEX1
Dactinomycin,AR
Dactinomycin,BDNF
Dactinomycin,BGLAP
Dactinomycin,BIRC5
Dactinomycin,CD5
Dactinomycin,CEL
Dactinomycin,COIL
Dactinomycin,CSF1
Dactinomycin,CYP19A1
Dactinomycin,CYP1A2
Dactinomycin,CYP2D6
Dactinomycin,CYP3A4
Dactinomycin,DDIT3
Dactinomycin,DDR2
Dactinomycin,EHMT2
Dactinomycin,ESR1
Dactinomycin,GRB2
Dactinomycin,HTT
Dactinomycin,NR3C1
Dactinomycin,NRG1
Dactinomycin,NTF3
Dactinomycin,PIK3CB
Dactinomycin,PPARD
Dactinomycin,RAD51
Dactinomycin,RECQL
Dactinomycin,RORC
Dactinomycin,RXRA
Dactinomycin,SLC22A5
Dactinomycin,TDP1
Dactinomycin,TFPI
Dactinomycin,THRB
Dactinomycin,TNFRSF1B
Dactinomycin,TNFRSF8
Dactinomycin,TOP2A
Dactinomycin,TOP2B
Dactinomycin,TP53
Dactinomycin,VDR
Dactolisib,PIK3CA
Dactolisib,PIK3CB
Dactolisib,PIK3CD
Dactolisib,PIK3CG
Daporinad,NAMPT
Dasatinib,ABL1
Dasatinib,KIT
Dasatinib,PDGFRA
Dasatinib,PDGFRB
Dasatinib,SRC
Dihydrorotenone,ATAD5
Dihydrorotenone,GALR3
Dihydrorotenone,NFE2L2
Dihydrorotenone,NR2F2
Dihydrorotenone,TDP1
Dinaciclib,CDK1
Dinaciclib,CDK2
Dinaciclib,CDK5
Dinaciclib,CDK9
Docetaxel,ABCB1
Docetaxel,ABCC1
Docetaxel,ABCC10
Docetaxel,ABCC2
Docetaxel,ABCC3
Docetaxel,ABCC4
Docetaxel,ABCC6
Docetaxel,ABCG2
Docetaxel,ACSS2
Docetaxel,AKR1C3
Docetaxel,AR
Docetaxel,ATP7A
Docetaxel,BAX
Docetaxel,BCL2
Docetaxel,BRD4
Docetaxel,CHST3
Docetaxel,CYP1A1
Docetaxel,CYP1B1
Docetaxel,CYP2A6
Docetaxel,CYP3A4
Docetaxel,CYP3A5
Docetaxel,CYP3A7
Docetaxel,CYP4B1
Docetaxel,DDIT3
Docetaxel,EGFR
Docetaxel,EPHX1
Docetaxel,ERBB3
Docetaxel,ESR1
Docetaxel,ESR2
Docetaxel,FBXW7
Docetaxel,FGFR1
Docetaxel,FGFR3
Docetaxel,FOLH1
Docetaxel,GHRHR
Docetaxel,GSTM1
Docetaxel,GSTP1
Docetaxel,HNF4A
Docetaxel,HRAS
Docetaxel,KIF11
Docetaxel,KLK3
Docetaxel,MAP2
Docetaxel,MAP3K1
Docetaxel,MAP4
Docetaxel,MAPT
Docetaxel,MDM4
Docetaxel,MUC16
Docetaxel,NAT2
Docetaxel,NOD2
Docetaxel,NR1I2
Docetaxel,NR1I3
Docetaxel,NR3C1
Docetaxel,ORM2
Docetaxel,PGR
Docetaxel,PIK3CA
Docetaxel,PPARD
Docetaxel,PPCDC
Docetaxel,PRDX4
Docetaxel,PTEN
Docetaxel,RAF1
Docetaxel,RNF8
Docetaxel,RPL13
Docetaxel,RXRA
Docetaxel,SLC10A2
Docetaxel,SLC22A7
Docetaxel,SLCO1B1
Docetaxel,SLCO1B3
Docetaxel,SPG7
Docetaxel,SULT1C4
Docetaxel,TACR2
Docetaxel,TDP1
Docetaxel,TP53
Docetaxel,TUBB
Docetaxel,TUBB1
Docetaxel,VAC14
Docetaxel,VDR
Docetaxel,XRCC3
Docetaxel,XRCC4
Doramapimod,MAPK14
Doxorubicin,ABCA1
Doxorubicin,ABCB1
Doxorubicin,ABCB11
Doxorubicin,ABCB8
Doxorubicin,ABCC1
Doxorubicin,ABCC10
Doxorubicin,ABCC2
Doxorubicin,ABCC3
Doxorubicin,ABCC4
Doxorubicin,ABCC5
Doxorubicin,ABCC6
Doxorubicin,ABCC9
Doxorubicin,ABCG2
Doxorubicin,AFP
Doxorubicin,AGT
Doxorubicin,AKR1A1
Doxorubicin,AKR1C3
Doxorubicin,AKR7A2
Doxorubicin,ALB
Doxorubicin,ALDH3A1
Doxorubicin,ALK
Doxorubicin,APAF1
Doxorubicin,APEX1
Doxorubicin,AR
Doxorubicin,ATAD5
Doxorubicin,ATM
Doxorubicin,ATXN2
Doxorubicin,AURKA
Doxorubicin,BAX
Doxorubicin,BAZ2B
Doxorubicin,BCL2
Doxorubicin,BCL2L1
Doxorubicin,BDNF
Doxorubicin,BIRC5
Doxorubicin,BLM
Doxorubicin,BMP7
Doxorubicin,BRAF
Doxorubicin,BRCA1
Doxorubicin,CASP1
Doxorubicin,CASP3
Doxorubicin,CASP9
Doxorubicin,CAST
Doxorubicin,CBR1
Doxorubicin,CBR3
Doxorubicin,CCND1
Doxorubicin,CD274
Doxorubicin,CDKN1B
Doxorubicin,CHEK1
Doxorubicin,CHRM1
Doxorubicin,CISD1
Doxorubicin,CKM
Doxorubicin,CLCN6
Doxorubicin,COL1A2
Doxorubicin,CPT1A
Doxorubicin,CYBA
Doxorubicin,CYP19A1
Doxorubicin,CYP1A1
Doxorubicin,CYP1A2
Doxorubicin,CYP1B1
Doxorubicin,CYP2B6
Doxorubicin,CYP2C19
Doxorubicin,CYP2C9
Doxorubicin,CYP2D6
Doxorubicin,CYP2J2
Doxorubicin,CYP3A4
Doxorubicin,CYP7B1
Doxorubicin,DHCR7
Doxorubicin,DNMT1
Doxorubicin,DNMT3A
Doxorubicin,DOK5
Doxorubicin,E2F1
Doxorubicin,EBP
Doxorubicin,EDN1
Doxorubicin,EHMT2
Doxorubicin,EPAS1
Doxorubicin,ERBB2
Doxorubicin,ERCC1
Doxorubicin,ERCC2
Doxorubicin,ESR1
Doxorubicin,FANCD2
Doxorubicin,FASLG
Doxorubicin,FASN
Doxorubicin,FCGR2A
Doxorubicin,FCGR3A
Doxorubicin,FCGR3B
Doxorubicin,FLT3
Doxorubicin,FYN
Doxorubicin,G6PD
Doxorubicin,GABPA
Doxorubicin,GADD45A
Doxorubicin,GALNT14
Doxorubicin,GATA3
Doxorubicin,GBX2
Doxorubicin,GGT1
Doxorubicin,GPX3
Doxorubicin,GSR
Doxorubicin,GSTA2
Doxorubicin,GSTM1
Doxorubicin,GSTM3
Doxorubicin,GSTP1
Doxorubicin,H2AX
Doxorubicin,HIF1A
Doxorubicin,HSP90AA1
Doxorubicin,HSP90AB1
Doxorubicin,IDH1
Doxorubicin,IGHMBP2
Doxorubicin,IL11
Doxorubicin,KEAP1
Doxorubicin,KLC3
Doxorubicin,KMT2A
Doxorubicin,KRT20
Doxorubicin,LCK
Doxorubicin,LPL
Doxorubicin,MAPK1
Doxorubicin,MAPK14
Doxorubicin,MAPT
Doxorubicin,MDM2
Doxorubicin,MGMT
Doxorubicin,MMP2
Doxorubicin,MSH2
Doxorubicin,MTHFD1
Doxorubicin,MTR
Doxorubicin,MYB
Doxorubicin,MYOD1
Doxorubicin,NDUFS2
Doxorubicin,NDUFS3
Doxorubicin,NDUFS7
Doxorubicin,NFE2L2
Doxorubicin,NOLC1
Doxorubicin,NOS1
Doxorubicin,NOS2
Doxorubicin,NOS3
Doxorubicin,NQO1
Doxorubicin,NR1H4
Doxorubicin,NR1I2
Doxorubicin,NR3C1
Doxorubicin,NT5E
Doxorubicin,NTRK2
Doxorubicin,P2RY12
Doxorubicin,PAX8
Doxorubicin,PIK3CA
Doxorubicin,PIK3CB
Doxorubicin,PIK3CG
Doxorubicin,PLA2G1B
Doxorubicin,PLG
Doxorubicin,PNPLA3
Doxorubicin,POLB
Doxorubicin,POLH
Doxorubicin,POLK
Doxorubicin,POR
Doxorubicin,PPARD
Doxorubicin,PPARG
Doxorubicin,PPM1D
Doxorubicin,PPP1R13L
Doxorubicin,RALBP1
Doxorubicin,RARA
Doxorubicin,RECQL
Doxorubicin,RPSA
Doxorubicin,RXRA
Doxorubicin,S100A4
Doxorubicin,SDHB
Doxorubicin,SERPINA6
Doxorubicin,SETD4
Doxorubicin,SLC13A3
Doxorubicin,SLC15A1
Doxorubicin,SLC22A16
Doxorubicin,SLC22A17
Doxorubicin,SLC22A7
Doxorubicin,SLCO1B1
Doxorubicin,SLCO1B3
Doxorubicin,SLCO4C1
Doxorubicin,SLCO6A1
Doxorubicin,SMAD3
Doxorubicin,SNCA
Doxorubicin,SP3
Doxorubicin,SRC
Doxorubicin,SRI
Doxorubicin,STAT6
Doxorubicin,TAF1
Doxorubicin,TDP1
Doxorubicin,TET2
Doxorubicin,TGFB1
Doxorubicin,TGM2
Doxorubicin,THRB
Doxorubicin,TMEM43
Doxorubicin,TOP1
Doxorubicin,TOP2A
Doxorubicin,TOP2B
Doxorubicin,TP53
Doxorubicin,TPMT
Doxorubicin,UGCG
Doxorubicin,USP1
Doxorubicin,VDR
Doxorubicin,WRN
Doxorubicin,XDH
Doxorubicin,XIAP
Doxorubicin,XPC
Doxorubicin,XRCC1
Doxorubicin,YWHAG
Dyrk1b_0191,DYRK1B
EHT-1864,RAC1
EHT-1864,RAC2
EHT-1864,RAC3
EPZ004777,DOT1L
EPZ5676,DOT1L
ERK_2440,MAPK1
ERK_2440,MAPK3
ERK_6604,MAPK1
ERK_6604,MAPK3
Embelin,XIAP
Entinostat,HDAC1
Entinostat,HDAC3
Entospletinib,SYK
Enzastaurin,AAK1
Enzastaurin,ABL1
Enzastaurin,ABL2
Enzastaurin,ACVR1
Enzastaurin,ACVR1B
Enzastaurin,ACVR2A
Enzastaurin,ACVR2B
Enzastaurin,AKT1
Enzastaurin,AKT3
Enzastaurin,ALK
Enzastaurin,ANKK1
Enzastaurin,AURKA
Enzastaurin,AURKB
Enzastaurin,AURKC
Enzastaurin,AXL
Enzastaurin,BCOR
Enzastaurin,BLK
Enzastaurin,BMP2K
Enzastaurin,BMPR2
Enzastaurin,BMX
Enzastaurin,BRAF
Enzastaurin,BRSK1
Enzastaurin,BRSK2
Enzastaurin,BTK
Enzastaurin,CAMK1
Enzastaurin,CAMK1D
Enzastaurin,CAMK1G
Enzastaurin,CAMK2A
Enzastaurin,CAMK2B
Enzastaurin,CAMK2D
Enzastaurin,CAMK2G
Enzastaurin,CAMK4
Enzastaurin,CAMKK1
Enzastaurin,CAMKK2
Enzastaurin,CASK
Enzastaurin,CDC42BPA
Enzastaurin,CDC42BPB
Enzastaurin,CDC42BPG
Enzastaurin,CDK11A
Enzastaurin,CDK11B
Enzastaurin,CDK13
Enzastaurin,CDK14
Enzastaurin,CDK15
Enzastaurin,CDK16
Enzastaurin,CDK17
Enzastaurin,CDK18
Enzastaurin,CDK19
Enzastaurin,CDK2
Enzastaurin,CDK3
Enzastaurin,CDK4
Enzastaurin,CDK5
Enzastaurin,CDK7
Enzastaurin,CDK8
Enzastaurin,CDK9
Enzastaurin,CDKL1
Enzastaurin,CDKL2
Enzastaurin,CDKL3
Enzastaurin,CDKL5
Enzastaurin,CHEK1
Enzastaurin,CHEK2
Enzastaurin,CHUK
Enzastaurin,CILK1
Enzastaurin,CIT
Enzastaurin,CLK1
Enzastaurin,CLK2
Enzastaurin,CLK4
Enzastaurin,COQ8A
Enzastaurin,COQ8B
Enzastaurin,CSK
Enzastaurin,CSNK1A1
Enzastaurin,CSNK1A1L
Enzastaurin,CSNK1G1
Enzastaurin,CSNK1G2
Enzastaurin,CSNK1G3
Enzastaurin,CSNK2A1
Enzastaurin,CSNK2A2
Enzastaurin,CTAG1B
Enzastaurin,DAPK1
Enzastaurin,DAPK2
Enzastaurin,DAPK3
Enzastaurin,DCLK1
Enzastaurin,DCLK2
Enzastaurin,DCLK3
Enzastaurin,DDR1
Enzastaurin,DDR2
Enzastaurin,DMPK
Enzastaurin,DSTYK
Enzastaurin,DYRK1A
Enzastaurin,DYRK1B
Enzastaurin,DYRK2
Enzastaurin,EGFR
Enzastaurin,EIF2AK1
Enzastaurin,EIF2AK2
Enzastaurin,EIF2AK4
Enzastaurin,EPHA2
Enzastaurin,EPHA3
Enzastaurin,EPHA4
Enzastaurin,EPHA5
Enzastaurin,EPHA6
Enzastaurin,EPHA8
Enzastaurin,EPHB1
Enzastaurin,EPHB2
Enzastaurin,EPHB3
Enzastaurin,EPHB4
Enzastaurin,EPHB6
Enzastaurin,ERBB3
Enzastaurin,ERBB4
Enzastaurin,ERN1
Enzastaurin,ESR1
Enzastaurin,FGFR1
Enzastaurin,FGFR2
Enzastaurin,FGFR3
Enzastaurin,FLT1
Enzastaurin,FLT3
Enzastaurin,FLT4
Enzastaurin,FRK
Enzastaurin,GAK
Enzastaurin,GRK1
Enzastaurin,GRK4
Enzastaurin,GRK7
Enzastaurin,GSK3A
Enzastaurin,GSK3B
Enzastaurin,HCK
Enzastaurin,HIPK1
Enzastaurin,HIPK2
Enzastaurin,HIPK3
Enzastaurin,HIPK4
Enzastaurin,HUNK
Enzastaurin,IGF1R
Enzastaurin,IKBKB
Enzastaurin,IKBKE
Enzastaurin,INSR
Enzastaurin,INSRR
Enzastaurin,IRAK3
Enzastaurin,IRAK4
Enzastaurin,ITK
Enzastaurin,JAK1
Enzastaurin,JAK2
Enzastaurin,JAK3
Enzastaurin,KDR
Enzastaurin,KIT
Enzastaurin,LATS1
Enzastaurin,LATS2
Enzastaurin,LIMK1
Enzastaurin,LIMK2
Enzastaurin,LRRK2
Enzastaurin,LTK
Enzastaurin,LYN
Enzastaurin,MAK
Enzastaurin,MAP2K1
Enzastaurin,MAP2K2
Enzastaurin,MAP2K3
Enzastaurin,MAP2K4
Enzastaurin,MAP2K5
Enzastaurin,MAP2K6
Enzastaurin,MAP3K1
Enzastaurin,MAP3K10
Enzastaurin,MAP3K11
Enzastaurin,MAP3K12
Enzastaurin,MAP3K13
Enzastaurin,MAP3K15
Enzastaurin,MAP3K19
Enzastaurin,MAP3K2
Enzastaurin,MAP3K20
Enzastaurin,MAP3K3
Enzastaurin,MAP3K4
Enzastaurin,MAP3K6
Enzastaurin,MAP3K7
Enzastaurin,MAP4K1
Enzastaurin,MAP4K3
Enzastaurin,MAP4K4
Enzastaurin,MAP4K5
Enzastaurin,MAPK1
Enzastaurin,MAPK10
Enzastaurin,MAPK11
Enzastaurin,MAPK12
Enzastaurin,MAPK13
Enzastaurin,MAPK14
Enzastaurin,MAPK15
Enzastaurin,MAPK3
Enzastaurin,MAPK4
Enzastaurin,MAPK6
Enzastaurin,MAPK8
Enzastaurin,MAPK9
Enzastaurin,MAPKAPK2
Enzastaurin,MAPKAPK5
Enzastaurin,MARK2
Enzastaurin,MARK3
Enzastaurin,MARK4
Enzastaurin,MAST1
Enzastaurin,MATK
Enzastaurin,MELK
Enzastaurin,MERTK
Enzastaurin,MET
Enzastaurin,MINK1
Enzastaurin,MKNK1
Enzastaurin,MKNK2
Enzastaurin,MTOR
Enzastaurin,MUSK
Enzastaurin,MYLK
Enzastaurin,MYLK2
Enzastaurin,MYLK3
Enzastaurin,MYLK4
Enzastaurin,MYO3A
Enzastaurin,MYO3B
Enzastaurin,NEK11
Enzastaurin,NEK3
Enzastaurin,NEK4
Enzastaurin,NEK5
Enzastaurin,NEK6
Enzastaurin,NEK7
Enzastaurin,NEK9
Enzastaurin,NIM1K
Enzastaurin,NKX2-5
Enzastaurin,NLK
Enzastaurin,NR3C1
Enzastaurin,NUAK1
Enzastaurin,NUAK2
Enzastaurin,OXSR1
Enzastaurin,PAK3
Enzastaurin,PAK4
Enzastaurin,PAK5
Enzastaurin,PAK6
Enzastaurin,PDGFRA
Enzastaurin,PDGFRB
Enzastaurin,PDPK1
Enzastaurin,PHKG1
Enzastaurin,PHKG2
Enzastaurin,PIK3C2B
Enzastaurin,PIK3C2G
Enzastaurin,PIK3CA
Enzastaurin,PIK3CB
Enzastaurin,PIK3CD
Enzastaurin,PIK3CG
Enzastaurin,PIK3R1
Enzastaurin,PIM1
Enzastaurin,PIM2
Enzastaurin,PIM3
Enzastaurin,PIP4K2B
Enzastaurin,PIP4K2C
Enzastaurin,PIP5K1A
Enzastaurin,PIP5K1C
Enzastaurin,PKMYT1
Enzastaurin,PKN1
Enzastaurin,PKN2
Enzastaurin,PLK1
Enzastaurin,PLK2
Enzastaurin,PLK3
Enzastaurin,PLK4
Enzastaurin,PRKAA2
Enzastaurin,PRKACA
Enzastaurin,PRKACB
Enzastaurin,PRKCA
Enzastaurin,PRKCB
Enzastaurin,PRKCD
Enzastaurin,PRKCE
Enzastaurin,PRKCG
Enzastaurin,PRKCH
Enzastaurin,PRKCQ
Enzastaurin,PRKCZ
Enzastaurin,PRKD1
Enzastaurin,PRKD2
Enzastaurin,PRKD3
Enzastaurin,PRKG1
Enzastaurin,PRKG2
Enzastaurin,PRKX
Enzastaurin,PTK2
Enzastaurin,PTK6
Enzastaurin,RAF1
Enzastaurin,RET
Enzastaurin,RIOK1
Enzastaurin,RIOK2
Enzastaurin,RIOK3
Enzastaurin,RIPK4
Enzastaurin,ROCK1
Enzastaurin,ROCK2
Enzastaurin,RPS6KA1
Enzastaurin,RPS6KA2
Enzastaurin,RPS6KA3
Enzastaurin,RPS6KA4
Enzastaurin,RPS6KA5
Enzastaurin,RPS6KA6
Enzastaurin,RPS6KB1
Enzastaurin,SBK1
Enzastaurin,SBK3
Enzastaurin,SGK3
Enzastaurin,SIK1
Enzastaurin,SIK3
Enzastaurin,SLK
Enzastaurin,SNRK
Enzastaurin,SRMS
Enzastaurin,SRPK1
Enzastaurin,SRPK2
Enzastaurin,SRPK3
Enzastaurin,STK10
Enzastaurin,STK11
Enzastaurin,STK16
Enzastaurin,STK17A
Enzastaurin,STK24
Enzastaurin,STK25
Enzastaurin,STK26
Enzastaurin,STK3
Enzastaurin,STK32A
Enzastaurin,STK32B
Enzastaurin,STK32C
Enzastaurin,STK33
Enzastaurin,STK35
Enzastaurin,STK36
Enzastaurin,STK38
Enzastaurin,STK38L
Enzastaurin,STK39
Enzastaurin,SYK
Enzastaurin,TAOK1
Enzastaurin,TAOK3
Enzastaurin,TEC
Enzastaurin,TEK
Enzastaurin,TESK1
Enzastaurin,TGFBR2
Enzastaurin,TIE1
Enzastaurin,TLK1
Enzastaurin,TLK2
Enzastaurin,TNK1
Enzastaurin,TNK2
Enzastaurin,TNNI3K
Enzastaurin,TRPM6
Enzastaurin,TSSK1B
Enzastaurin,TTK
Enzastaurin,TYK2
Enzastaurin,TYRO3
Enzastaurin,ULK1
Enzastaurin,ULK2
Enzastaurin,ULK3
Enzastaurin,VRK2
Enzastaurin,WEE1
Enzastaurin,WEE2
Enzastaurin,YES1
Enzastaurin,ZAP70
EphB4_9721,EPHB4
Epirubicin,ABCB1
Epirubicin,ABCC1
Epirubicin,ABCC2
Epirubicin,ABCC3
Epirubicin,ABCC4
Epirubicin,ABCG2
Epirubicin,ATXN2
Epirubicin,BCL2
Epirubicin,BIRC5
Epirubicin,CBR3
Epirubicin,CCNK
Epirubicin,CHD1
Epirubicin,ERBB2
Epirubicin,FOXO1
Epirubicin,FYN
Epirubicin,GCKR
Epirubicin,GNL3
Epirubicin,HMMR
Epirubicin,IDH1
Epirubicin,IGF2BP2
Epirubicin,INSR
Epirubicin,IRS1
Epirubicin,KCNQ1
Epirubicin,MDM4
Epirubicin,MISP
Epirubicin,NFE2L2
Epirubicin,NOS1
Epirubicin,PERP
Epirubicin,PIK3R2
Epirubicin,PLA2G4A
Epirubicin,POLI
Epirubicin,PPP2R5D
Epirubicin,RAD51
Epirubicin,RBX1
Epirubicin,SERPINE1
Epirubicin,SLC28A3
Epirubicin,SLCO1B1
Epirubicin,SMAD3
Epirubicin,SPIDR
Epirubicin,TDP1
Epirubicin,TOP2A
Epirubicin,TP53
Epirubicin,TP53AIP1
Epirubicin,TUBB2A
Epirubicin,UGT2B7
Epirubicin,USP1
Epirubicin,WRN
Epothilone B,TUBA3C
Epothilone B,TUBA3E
Epothilone B,TUBB2A
Epothilone B,TUBB2B
Epothilone B,TUBB6
Epothilone B,TUBB8
Erlotinib,EGFR
Etoposide,ABCB1
Etoposide,ABCC1
Etoposide,ABCC10
Etoposide,ABCC2
Etoposide,ABCC3
Etoposide,ABCC4
Etoposide,ABCC6
Etoposide,ABCG2
Etoposide,ACTR2
Etoposide,AFP
Etoposide,ALK
Etoposide,AR
Etoposide,ATM
Etoposide,BAX
Etoposide,BCL2
Etoposide,BLMH
Etoposide,CASP3
Etoposide,CHEK1
Etoposide,CYP1A2
Etoposide,CYP2C19
Etoposide,CYP2C9
Etoposide,CYP2D6
Etoposide,CYP2E1
Etoposide,CYP3A4
Etoposide,CYP3A5
Etoposide,DDIT3
Etoposide,DYNC2H1
Etoposide,E2F1
Etoposide,EIF4E
Etoposide,ESR1
Etoposide,FGFR1
Etoposide,GBX2
Etoposide,GDF15
Etoposide,GLP1R
Etoposide,GMNN
Etoposide,GSTM1
Etoposide,GSTP1
Etoposide,HSPB1
Etoposide,HSPB2
Etoposide,IGF2
Etoposide,ITGAL
Etoposide,KLK3
Etoposide,MAPK1
Etoposide,MAPK3
Etoposide,MUC16
Etoposide,MYCN
Etoposide,NCOA1
Etoposide,NCOA2
Etoposide,NCOA3
Etoposide,NQO1
Etoposide,NR3C1
Etoposide,NR4A1
Etoposide,PAPOLA
Etoposide,PLA2G1B
Etoposide,PLA2G6
Etoposide,PON1
Etoposide,PTGS1
Etoposide,PTGS2
Etoposide,SLC2A4
Etoposide,SLCO1B1
Etoposide,SLCO1B3
Etoposide,SLIT1
Etoposide,TBP
Etoposide,TDP1
Etoposide,TGFB1
Etoposide,TNFSF13B
Etoposide,TOP2A
Etoposide,TOP2B
Etoposide,TP53
Etoposide,TYMS
Etoposide,XIAP
Etoposide,YAP1
FEN1_3940,FEN1
FGFR_0939,FGFR4
FGFR_3831,FGFR1
FGFR_3831,FGFR2
FGFR_3831,FGFR3
FGFR_3831,FGFR4
FR-180204,MAPK1
FR-180204,MAPK3
FS106,CHEK1
FTI-277,FNTA
FTI-277,FNTB
Fedratinib,JAK2
Flavopiridol,CDK1
Flavopiridol,CDK2
Flavopiridol,CDK4
Flavopiridol,CDK6
Fludarabine,ATM
Fludarabine,BAX
Fludarabine,CD40
Fludarabine,CRHBP
Fludarabine,DCK
Fludarabine,GSK3B
Fludarabine,MPO
Fludarabine,NFE2L2
Fludarabine,NIPSNAP2
Fludarabine,PIK3CG
Fludarabine,POLA1
Fludarabine,RRM1
Fludarabine,RRM2
Fludarabine,SLC28A3
Fludarabine,SLC29A1
Fludarabine,SMAD3
Fludarabine,TDP1
Fludarabine,XIAP
Foretinib,EGFR
Foretinib,FGFR1
Foretinib,KDR
Foretinib,MET
Foretinib,PDGFRA
Foretinib,PDGFRB
Fulvestrant,ESR1
GDC0810,ESR1
GDC0810,ESR2
GNF-2,ABL1
GSK-J4,KDM6B
GSK-LSD1-2HCl,CISD1
GSK-LSD1-2HCl,GEM
GSK-LSD1-2HCl,KDM1A
GSK1059615,PIK3CA
GSK1059615,PIK3CB
GSK1059615,PIK3CD
GSK1059615,PIK3CG
GSK1070916,AURKA
GSK1070916,AURKC
GSK1904529A,IGF1R
GSK2110183B,AKT1
GSK2110183B,AKT2
GSK2110183B,AKT3
GSK2276186C,JAK1
GSK2276186C,JAK2
GSK2276186C,JAK3
GSK2578215A,LRRK2
GSK2606414,EIF2AK3
GSK2606414,MYLK2
GSK269962A,ROCK1
GSK269962A,ROCK2
GSK2801,BAZ2A
GSK2801,BAZ2B
GSK2801,BRD9
GSK2801,TAF1L
GSK2830371,HLA-F
GSK2830371,PPM1D
GSK2830371,TP53
GSK2830371A,PPM1D
GSK343,EZH2
GSK429286A,ROCK1
GSK429286A,ROCK2
GSK591,PRMT5
GSK626616AC,DYRK1A
GSK650394,SGK2
GSK650394,SGK3
GSK690693,AKT1
GSK690693,AKT2
GSK690693,AKT3
GW-2580,CSF1R
GW441756,NTRK1
GW843682X,PLK1
Gefitinib,EGFR
Gemcitabine,ABCB1
Gemcitabine,ABCC10
Gemcitabine,ABCC3
Gemcitabine,ABCC4
Gemcitabine,ACSS2
Gemcitabine,ALG10
Gemcitabine,ALOX5AP
Gemcitabine,AR
Gemcitabine,ATAT1
Gemcitabine,BAZ2B
Gemcitabine,BRAF
Gemcitabine,BRCA1
Gemcitabine,BTRC
Gemcitabine,C6ORF15
Gemcitabine,CAMK4
Gemcitabine,CBL
Gemcitabine,CD274
Gemcitabine,CDA
Gemcitabine,CDC5L
Gemcitabine,CDKN2A
Gemcitabine,CDSN
Gemcitabine,CHEK1
Gemcitabine,CMPK1
Gemcitabine,CYP2C8
Gemcitabine,DCK
Gemcitabine,DCP1B
Gemcitabine,DDX53
Gemcitabine,DOCK8
Gemcitabine,ERBB2
Gemcitabine,ESR1
Gemcitabine,ESR2
Gemcitabine,ETS2
Gemcitabine,FHL2
Gemcitabine,FKBP5
Gemcitabine,GPX5
Gemcitabine,HLA-C
Gemcitabine,HRAS
Gemcitabine,KLC3
Gemcitabine,KRAS
Gemcitabine,MDM2
Gemcitabine,MS4A2
Gemcitabine,MSH5
Gemcitabine,MTHFD1
Gemcitabine,MTHFR
Gemcitabine,MUCL3
Gemcitabine,NIPSNAP2
Gemcitabine,NME1
Gemcitabine,NRAS
Gemcitabine,NT5C
Gemcitabine,NT5C1A
Gemcitabine,OR4D6
Gemcitabine,PIK3CA
Gemcitabine,POLR1G
Gemcitabine,PPCDC
Gemcitabine,PPP1R13L
Gemcitabine,PPP1R18
Gemcitabine,PRB2
Gemcitabine,PRRC2A
Gemcitabine,PSORS1C1
Gemcitabine,PTEN
Gemcitabine,RAF1
Gemcitabine,RRM1
Gemcitabine,RRM2
Gemcitabine,RRM2B
Gemcitabine,SERPINA5
Gemcitabine,SERPINC1
Gemcitabine,SH2D5
Gemcitabine,SLC28A1
Gemcitabine,SLC28A3
Gemcitabine,SLC29A1
Gemcitabine,SLC29A2
Gemcitabine,SLCO1B1
Gemcitabine,TDP1
Gemcitabine,TENT4A
Gemcitabine,TGM2
Gemcitabine,TK2
Gemcitabine,TNF
Gemcitabine,TP53
Gemcitabine,TYMS
Gemcitabine,UBASH3B
Gemcitabine,WWOX
Gemcitabine,XYLT2
Genentech Cpd 10,AURKA
Genentech Cpd 10,AURKB
HG-5-113-01,AURKA
HG-5-88-01,MAP3K7
HG-6-71-01,DDR1
HG-6-71-01,DDR2
HG-6-71-01,SRC
HG6-64-1,BRAF
I-BET-151,BRD2
I-BET-151,BRD3
I-BET-151,BRD4
I-BET-762,BRD2
I-BET-762,BRD3
I-BET-762,BRD4
I-BRD9,BRD9
I-CBP112,EP300
IC-87114,F7
IC-87114,PIK3CA
IC-87114,PIK3CD
ICL-SIRT078,SIRT2
IMD-0354,ATAD5
IMD-0354,CHUK
IMD-0354,IKBKB
IMD-0354,MYLK
IMD-0354,P2RX1
IMD-0354,P2RX2
IMD-0354,P2RX3
IMD-0354,P2RX4
IMD-0354,P2RX7
IMD-0354,POLK
IOX2,EGLN1
IPA-3,PAK1
IRAK4_4710,IRAK4
IWP-2,PORCN
Ibrutinib,BTK
Idelalisib,ABCB1
Idelalisib,ABCG2
Idelalisib,AOX1
Idelalisib,BRAF
Idelalisib,CYP2B6
Idelalisib,CYP2C19
Idelalisib,CYP2C8
Idelalisib,CYP3A4
Idelalisib,CYP3A43
Idelalisib,CYP3A5
Idelalisib,CYP3A7
Idelalisib,F5
Idelalisib,F7
Idelalisib,MTOR
Idelalisib,PIK3C2B
Idelalisib,PIK3C3
Idelalisib,PIK3CA
Idelalisib,PIK3CB
Idelalisib,PIK3CD
Idelalisib,PIK3CG
Idelalisib,PIK3R1
Idelalisib,PIK3R2
Idelalisib,PRKDC
Idelalisib,PTEN
Idelalisib,SLCO1B1
Idelalisib,SLCO1B3
Idelalisib,TP53
Imatinib,ABL1
Imatinib,KIT
Imatinib,PDGFRA
Imatinib,PDGFRB
Ipatasertib,AKT1
Ipatasertib,AKT2
Ipatasertib,AKT3
Irinotecan,TOP1
Ispinesib Mesylate,CYP1A2
Ispinesib Mesylate,CYP2C9
Ispinesib Mesylate,CYP3A4
Ispinesib Mesylate,KCNH2
Ispinesib Mesylate,KIF11
JAK1_3715,JAK1
JAK1_8709,JAK1
JAK3_7406,JAK3
JAK_8517,JAK1
JAK_8517,JAK2
JNJ38877605,MET
JNK Inhibitor VIII,MAPK10
JNK Inhibitor VIII,MAPK8
JNK Inhibitor VIII,MAPK9
JQ1,BRD2
JQ1,BRD3
JQ1,BRD4
JQ1,BRDT
JQ12,HDAC1
JQ12,HDAC2
JW-7-24-1,LCK
JW-7-52-1,MTOR
KIN001-042,GSK3B
KIN001-236,HDAC10
KIN001-236,HDAC6
KIN001-244,PDK1
KIN001-260,CDC7
KIN001-266,CDC7
KIN001-270,CDK9
KRAS (G12C) Inhibitor-12,KRAS
KU-55933,ATM
KU-60019,ATM
LCL161,XIAP
LFM-A13,BTK
LGK974,PORCN
LIMK1 inhibitor BMS4,LIMK1
LJI308,RPS6KA1
LJI308,RPS6KA2
LJI308,RPS6KA3
LMB_AB1,ADRA1A
LMB_AB1,ADRB1
LMB_AB3,PPP1R15B
LMP744,TOP1
LY2109761,TGFB1
Lapatinib,EGFR
Lapatinib,ERBB2
Leflunomide,ABCC3
Leflunomide,ABCC4
Leflunomide,ABCG2
Leflunomide,AHR
Leflunomide,ATAD5
Leflunomide,CXCL8
Leflunomide,CYP1A2
Leflunomide,CYP2C9
Leflunomide,CYP3A4
Leflunomide,DHODH
Leflunomide,ESR1
Leflunomide,HSPB1
Leflunomide,HTT
Leflunomide,MAOA
Leflunomide,MMP1
Leflunomide,MMP14
Leflunomide,NFE2L2
Leflunomide,PTK2B
Leflunomide,RAB9A
Leflunomide,SLC6A2
Leflunomide,SLC6A3
Leflunomide,SMN1
Leflunomide,SMN2
Leflunomide,TDP1
Lenalidomide,CRBN
Lestaurtinib,FLT3
Lestaurtinib,JAK2
Lestaurtinib,NTRK1
Lestaurtinib,NTRK2
Lestaurtinib,NTRK3
Linifanib,CSF1R
Linifanib,FLT3
Linifanib,KIT
Linsitinib,IGF1R
Luminespib,ALK
Luminespib,ARHGAP35
Luminespib,EML4
Luminespib,GRINA
Luminespib,HSP90AA1
Luminespib,HSP90AB1
Luminespib,HSP90B1
Luminespib,JAK2
Luminespib,TRAP1
MG-132,CAPN1
MIM1,MCL1
MIRA-1,TP53
MK-1775,PLK1
MK-1775,WEE1
MK-2206,AKT1
MK-2206,AKT2
MK-8776,CDK2
MK-8776,CHEK1
MK-8776,CHEK2
ML323,USP1
MN-64,TNKS2
Masitinib,KIT
Masitinib,PDGFRA
Masitinib,PDGFRB
"MetAP2 Inhibitor, A832234",METAP2
Methotrexate,ABCB1
Methotrexate,ABCC1
Methotrexate,ABCC10
Methotrexate,ABCC11
Methotrexate,ABCC2
Methotrexate,ABCC3
Methotrexate,ABCC4
Methotrexate,ABCG2
Methotrexate,ADA
Methotrexate,AFP
Methotrexate,AHRR
Methotrexate,ALB
Methotrexate,ALK
Methotrexate,ALOX5
Methotrexate,AOX1
Methotrexate,APEX1
Methotrexate,ATF5
Methotrexate,ATIC
Methotrexate,ATP5F1E
Methotrexate,BAX
Methotrexate,BCL2L11
Methotrexate,BCOR
Methotrexate,BIRC5
Methotrexate,BMP7
Methotrexate,CCND1
Methotrexate,CDH16
Methotrexate,CDH2
Methotrexate,CDK9
Methotrexate,CDKN1B
Methotrexate,CLTC
Methotrexate,COL18A1
Methotrexate,CPT1A
Methotrexate,CYP1A2
Methotrexate,CYP2B6
Methotrexate,CYP2C19
Methotrexate,CYP2C9
Methotrexate,CYP2D6
Methotrexate,CYP3A4
Methotrexate,DHFR
Methotrexate,DOK5
Methotrexate,E2F1
Methotrexate,EHMT2
Methotrexate,ENG
Methotrexate,ENOSF1
Methotrexate,ERCC2
Methotrexate,FCGR3B
Methotrexate,FGF14
Methotrexate,FGFR4
Methotrexate,FLT3
Methotrexate,FOLH1
Methotrexate,FOLR1
Methotrexate,FOLR2
Methotrexate,FOXP3
Methotrexate,FPGS
Methotrexate,FTCDNL1
Methotrexate,GART
Methotrexate,GATA3
Methotrexate,GGH
Methotrexate,GLS
Methotrexate,GSK3B
Methotrexate,GSTM1
Methotrexate,HGF
Methotrexate,HLA-C
Methotrexate,HLA-E
Methotrexate,HMGB1
Methotrexate,HSD17B10
Methotrexate,HSPB2
Methotrexate,ICAM3
Methotrexate,IDH1
Methotrexate,IGHMBP2
Methotrexate,IL1RN
Methotrexate,IL2
Methotrexate,IMPDH1
Methotrexate,KCNA1
Methotrexate,KIR2DS4
Methotrexate,KLC3
Methotrexate,KLRD1
Methotrexate,KPNA2
Methotrexate,MPHOSPH8
Methotrexate,MSH3
Methotrexate,MTHFR
Methotrexate,MTR
Methotrexate,NALCN
Methotrexate,NCOA1
Methotrexate,NCOA3
Methotrexate,NFATC1
Methotrexate,NFATC2
Methotrexate,NFE2L2
Methotrexate,NOP2
Methotrexate,NOS3
Methotrexate,NQO1
Methotrexate,NR1H4
Methotrexate,NR1I2
Methotrexate,NR3C1
Methotrexate,NTRK1
Methotrexate,PADI4
Methotrexate,PFDN4
Methotrexate,PNPLA3
Methotrexate,POLB
Methotrexate,POLH
Methotrexate,POLI
Methotrexate,PPARG
Methotrexate,PYGL
Methotrexate,RBMS3
Methotrexate,S100A12
Methotrexate,S100A8
Methotrexate,SLAMF1
Methotrexate,SLC15A1
Methotrexate,SLC16A1
Methotrexate,SLC16A7
Methotrexate,SLC19A1
Methotrexate,SLC22A11
Methotrexate,SLC22A6
Methotrexate,SLC22A7
Methotrexate,SLC22A8
Methotrexate,SLC22A9
Methotrexate,SLC28A3
Methotrexate,SLC29A1
Methotrexate,SLC36A1
Methotrexate,SLC46A1
Methotrexate,SLCO1A2
Methotrexate,SLCO1B1
Methotrexate,SLCO1B3
Methotrexate,SLCO1C1
Methotrexate,SLCO3A1
Methotrexate,SLCO4C1
Methotrexate,SPECC1L
Methotrexate,SULT2A1
Methotrexate,TARDBP
Methotrexate,TAT
Methotrexate,TDP1
Methotrexate,TLR4
Methotrexate,TNFAIP3
Methotrexate,TP53
Methotrexate,TPM3
Methotrexate,TYMS
Methotrexate,VDR
Midostaurin,FLT1
Mirin,MRE11
Mitoxantrone,ABCB1
Mitoxantrone,ABCC1
Mitoxantrone,ABCG2
Mitoxantrone,APEX1
Mitoxantrone,AR
Mitoxantrone,ARSA
Mitoxantrone,ATAD5
Mitoxantrone,ATXN2
Mitoxantrone,BAX
Mitoxantrone,BAZ2B
Mitoxantrone,BCL2
Mitoxantrone,BLM
Mitoxantrone,BRCA1
Mitoxantrone,BTK
Mitoxantrone,C10ORF67
Mitoxantrone,CBX1
Mitoxantrone,CHRM1
Mitoxantrone,CHRM2
Mitoxantrone,CHRM4
Mitoxantrone,CSNK2A1
Mitoxantrone,CSNK2A2
Mitoxantrone,CSNK2A3
Mitoxantrone,CSNK2B
Mitoxantrone,CYP19A1
Mitoxantrone,CYP1B1
Mitoxantrone,CYP2E1
Mitoxantrone,CYP3A4
Mitoxantrone,DCK
Mitoxantrone,DNMT1
Mitoxantrone,EGFR
Mitoxantrone,EHMT2
Mitoxantrone,ERBB2
Mitoxantrone,ESR1
Mitoxantrone,FEN1
Mitoxantrone,FLT3
Mitoxantrone,FYN
Mitoxantrone,GALNT14
Mitoxantrone,GBX2
Mitoxantrone,GLS
Mitoxantrone,HTR2C
Mitoxantrone,HTT
Mitoxantrone,IDH1
Mitoxantrone,KAT2A
Mitoxantrone,KCNH2
Mitoxantrone,KDM4A
Mitoxantrone,KDM4E
Mitoxantrone,L3MBTL1
Mitoxantrone,MAPK1
Mitoxantrone,MAPT
Mitoxantrone,MBNL1
Mitoxantrone,MECP2
Mitoxantrone,MLLT3
Mitoxantrone,MPG
Mitoxantrone,MPHOSPH8
Mitoxantrone,NAE1
Mitoxantrone,NFKB1
Mitoxantrone,NPSR1
Mitoxantrone,NR1H4
Mitoxantrone,NSD2
Mitoxantrone,P2RY12
Mitoxantrone,PAX8
Mitoxantrone,PIM1
Mitoxantrone,POLB
Mitoxantrone,POLH
Mitoxantrone,POLI
Mitoxantrone,POLK
Mitoxantrone,PPARD
Mitoxantrone,PPARG
Mitoxantrone,RACGAP1
Mitoxantrone,RAD52
Mitoxantrone,RECQL
Mitoxantrone,RGS4
Mitoxantrone,ROS1
Mitoxantrone,RPSA
Mitoxantrone,SLC47A1
Mitoxantrone,SLC47A2
Mitoxantrone,SLC6A2
Mitoxantrone,SLCO1B1
Mitoxantrone,SLCO1B3
Mitoxantrone,SMAD3
Mitoxantrone,TARDBP
Mitoxantrone,TDP1
Mitoxantrone,THPO
Mitoxantrone,TOP2A
Mitoxantrone,TP53
Mitoxantrone,UBA3
Mitoxantrone,VDR
Mitoxantrone,WRN
Mitoxantrone,YES1
Motesanib,KIT
Motesanib,PDGFRA
Motesanib,PDGFRB
Motesanib,RET
Mycophenolic acid,AR
Mycophenolic acid,CES1
Mycophenolic acid,CES2
Mycophenolic acid,CYP2C8
Mycophenolic acid,CYP3A4
Mycophenolic acid,CYP3A5
Mycophenolic acid,ESR1
Mycophenolic acid,GATA2
Mycophenolic acid,GATA3
Mycophenolic acid,HPRT1
Mycophenolic acid,HSD17B10
Mycophenolic acid,IL18
Mycophenolic acid,IMPDH1
Mycophenolic acid,IMPDH2
Mycophenolic acid,NFATC1
Mycophenolic acid,PDGFRA
Mycophenolic acid,PPARG
Mycophenolic acid,SLCO1B3
Mycophenolic acid,SMN1
Mycophenolic acid,SMN2
Mycophenolic acid,SNCA
Mycophenolic acid,TDP1
Mycophenolic acid,TP53
Mycophenolic acid,UGT2B7
NG-25,MAP3K7
NPK76-II-72-1,PLK3
NSC-207895,MDM4
NVP-ADW742,IGF1R
NVP-BHG712,ABL1
NVP-BHG712,ARAF
NVP-BHG712,BRAF
NVP-BHG712,EPHB4
NVP-BHG712,RAF1
NVP-BHG712,SRC
NVP-TAE684,ALK
Navitoclax,BCL2
Navitoclax,BCL2L1
Navitoclax,BCL2L2
Nelarabine,ABCC3
Nelarabine,ABCC4
Nelarabine,ADA
Nelarabine,DCK
Nelarabine,DGUOK
Nelarabine,POLA1
Nelarabine,USP1
Nilotinib,ABL1
Niraparib,PARP1
Niraparib,PARP2
Nutlin-3a (-),MDM2
OSI-027,ACVR1B
OSI-027,AKT1S1
OSI-027,BMPR2
OSI-027,CSNK2A2
OSI-027,DEPTOR
OSI-027,MAP2K5
OSI-027,MAPK10
OSI-027,MAPKAP1
OSI-027,MLST8
OSI-027,MTOR
OSI-027,NLK
OSI-027,NQO2
OSI-027,PIK3CA
OSI-027,PIP4K2C
OSI-027,PTEN
OSI-027,RET
OSI-027,RICTOR
OSI-027,RIPK2
OSI-027,RPTOR
OSI-027,TGFBR1
OSI-930,KIT
OSU-03012,PDK1
OTX015,BRD2
OTX015,BRD3
OTX015,BRD4
Obatoclax Mesylate,BCL2
Obatoclax Mesylate,BCL2L1
Obatoclax Mesylate,BCL2L2
Obatoclax Mesylate,MCL1
Olaparib,PARP1
Olaparib,PARP2
Omipalisib,PIK3CA
Omipalisib,PIK3CB
Omipalisib,PIK3CD
Omipalisib,PIK3CG
Osimertinib,EGFR
Oxaliplatin,ABCC2
Oxaliplatin,ABCG2
Oxaliplatin,GSTM1
Oxaliplatin,MPO
Oxaliplatin,MT1A
Oxaliplatin,MT2A
Oxaliplatin,NQO1
Oxaliplatin,SLC22A2
Oxaliplatin,SLC22A3
Oxaliplatin,SLC31A1
Oxaliplatin,SOD1
P22077,USP47
P22077,USP7
PAC-1,BRAF
PAC-1,CASP3
PAC-1,CASP7
PAC-1,RECQL
PAK_5339,PAK1
PAK_5339,PAK2
PARP_0108,PARP1
PARP_0108,PARP2
PARP_0108,PARP6
PARP_9482,PARP1
PARP_9482,PARP2
PARP_9495,PARP1
PARP_9495,PARP2
PCI-34051,HDAC1
PCI-34051,HDAC6
PCI-34051,HDAC8
PD0325901,MAP2K1
PD0325901,MAP2K2
PD173074,FGFR1
PD173074,FGFR2
PD173074,FGFR3
PF-00299804,EGFR
PF-00299804,ERBB2
PF-00299804,ERBB4
PF-4708671,CXADR
PF-4708671,NRAS
PF-4708671,PIK3CA
PF-4708671,RPS6KA1
PF-4708671,RPS6KA5
PF-4708671,RPS6KB1
PF-562271,ACSL1
PF-562271,ACSL3
PF-562271,ALK
PF-562271,AURKA
PF-562271,AURKB
PF-562271,AXL
PF-562271,BLK
PF-562271,BMP2K
PF-562271,BRSK1
PF-562271,BTK
PF-562271,CAMK2D
PF-562271,CAMK2G
PF-562271,CAMKK2
PF-562271,CDC42BPA
PF-562271,CDK1
PF-562271,CDK13
PF-562271,CDK16
PF-562271,CDK17
PF-562271,CDK2
PF-562271,CDK3
PF-562271,CDK5
PF-562271,CDK7
PF-562271,CDK9
PF-562271,CHEK2
PF-562271,CLK1
PF-562271,CLK2
PF-562271,CLK4
PF-562271,CSNK1G1
PF-562271,CSNK1G2
PF-562271,CSNK2A1
PF-562271,CSNK2A2
PF-562271,DAPK3
PF-562271,EEF1D
PF-562271,EPHA2
PF-562271,ERCC2
PF-562271,FER
PF-562271,FGFR1
PF-562271,FGFR3
PF-562271,FLT1
PF-562271,FLT3
PF-562271,FLT4
PF-562271,FRK
PF-562271,FYN
PF-562271,GRK5
PF-562271,GSK3A
PF-562271,GSK3B
PF-562271,HCK
PF-562271,HIPK2
PF-562271,HIPK4
PF-562271,IGF1R
PF-562271,INSR
PF-562271,IRAK1
PF-562271,IRAK4
PF-562271,ITK
PF-562271,JAK2
PF-562271,JAK3
PF-562271,KDR
PF-562271,LCK
PF-562271,LRRK2
PF-562271,LTK
PF-562271,LYN
PF-562271,MAP2K2
PF-562271,MAP2K6
PF-562271,MAP3K10
PF-562271,MAP3K11
PF-562271,MAP3K20
PF-562271,MAP4K1
PF-562271,MAP4K2
PF-562271,MAP4K4
PF-562271,MAP4K5
PF-562271,MAPK1
PF-562271,MAPK10
PF-562271,MAPK12
PF-562271,MAPK15
PF-562271,MAPK7
PF-562271,MAPK9
PF-562271,MARK2
PF-562271,MARK3
PF-562271,MARK4
PF-562271,MATK
PF-562271,MELK
PF-562271,MET
PF-562271,MINK1
PF-562271,MST1R
PF-562271,NTRK1
PF-562271,NTRK2
PF-562271,PAK1
PF-562271,PAK4
PF-562271,PDGFRB
PF-562271,PDPK1
PF-562271,PKN1
PF-562271,PKN2
PF-562271,PLK4
PF-562271,PRKAA1
PF-562271,PRKACA
PF-562271,PRKCD
PF-562271,PRKCG
PF-562271,PRKCQ
PF-562271,PRKD2
PF-562271,PRKD3
PF-562271,PRKX
PF-562271,PTK2
PF-562271,PTK2B
PF-562271,RET
PF-562271,ROCK1
PF-562271,ROCK2
PF-562271,ROS1
PF-562271,RPS6KA3
PF-562271,RPS6KB1
PF-562271,SGK2
PF-562271,SIK2
PF-562271,SLK
PF-562271,SRC
PF-562271,SRPK1
PF-562271,STK11
PF-562271,STK16
PF-562271,STK17A
PF-562271,STK26
PF-562271,STK3
PF-562271,STK4
PF-562271,TAOK1
PF-562271,TBK1
PF-562271,TNK2
PF-562271,TSSK1B
PF-562271,TYK2
PF-562271,YES1
PFI-1,BRD4
PFI-3,SMARCA2
PFI-3,SMARCA4
PFI3,SMARCA2
PFI3,SMARCA4
PHA-665752,MET
PHA-793887,CDK2
PHA-793887,CDK5
PHA-793887,CDK7
PI-103,CLK4
PI-103,DAPK3
PI-103,HIPK2
PI-103,PIM3
PLK_6522,PLK1
PLK_6522,PLK2
PLK_6522,PLK3
PLX-4720,BRAF
POMHEX,ENO1
PRT062607,SYK
Paclitaxel,ABCB1
Paclitaxel,ABCB11
Paclitaxel,ABCC1
Paclitaxel,ABCC10
Paclitaxel,ABCC2
Paclitaxel,ABCC3
Paclitaxel,ABCC4
Paclitaxel,ABCG2
Paclitaxel,ABL1
Paclitaxel,ACSS2
Paclitaxel,AFG2A
Paclitaxel,AR
Paclitaxel,ARHGEF10
Paclitaxel,ATM
Paclitaxel,BCL2
Paclitaxel,BDNF
Paclitaxel,BIRC5
Paclitaxel,BRAF
Paclitaxel,BRCA1
Paclitaxel,CASP3
Paclitaxel,CBR3
Paclitaxel,CCKAR
Paclitaxel,CD274
Paclitaxel,CDK2
Paclitaxel,CDKN1A
Paclitaxel,CXCL8
Paclitaxel,CYP19A1
Paclitaxel,CYP1B1
Paclitaxel,CYP2C8
Paclitaxel,CYP3A4
Paclitaxel,CYP3A5
Paclitaxel,CYP3A7
Paclitaxel,DDIT3
Paclitaxel,DSCAM
Paclitaxel,E2F1
Paclitaxel,EDNRB
Paclitaxel,EGFR
Paclitaxel,EIF4E2
Paclitaxel,EIF4EBP1
Paclitaxel,EPHA5
Paclitaxel,EPHA6
Paclitaxel,ERBB2
Paclitaxel,ETS2
Paclitaxel,FASN
Paclitaxel,FCGR2A
Paclitaxel,FGD4
Paclitaxel,FGFR1
Paclitaxel,FNTB
Paclitaxel,FOS
Paclitaxel,FYN
Paclitaxel,FZD3
Paclitaxel,GMNN
Paclitaxel,GSTM1
Paclitaxel,IL2RA
Paclitaxel,ITGAV
Paclitaxel,ITGB3
Paclitaxel,JAK2
Paclitaxel,LIF
Paclitaxel,LIG3
Paclitaxel,MAD1L1
Paclitaxel,MAP2
Paclitaxel,MAP3K1
Paclitaxel,MAP4
Paclitaxel,MAPT
Paclitaxel,MC5R
Paclitaxel,MERTK
Paclitaxel,MISP
Paclitaxel,MLH1
Paclitaxel,MMP2
Paclitaxel,MSH2
Paclitaxel,MSH6
Paclitaxel,MYB
Paclitaxel,NAT2
Paclitaxel,NFE2
Paclitaxel,NOD2
Paclitaxel,NOP2
Paclitaxel,NR1I2
Paclitaxel,NRG3
Paclitaxel,OPRD1
Paclitaxel,PIK3CA
Paclitaxel,PIK3CG
Paclitaxel,PMS2
Paclitaxel,PON1
Paclitaxel,PTEN
Paclitaxel,RAF1
Paclitaxel,RB1
Paclitaxel,ROS1
Paclitaxel,SLC29A1
Paclitaxel,SLCO1B1
Paclitaxel,SLCO1B3
Paclitaxel,SPIDR
Paclitaxel,TACR2
Paclitaxel,TDP1
Paclitaxel,TIGD1
Paclitaxel,TOP2A
Paclitaxel,TP53
Paclitaxel,TRIM5
Paclitaxel,TUBA1A
Paclitaxel,TUBA1B
Paclitaxel,TUBA1C
Paclitaxel,TUBA3C
Paclitaxel,TUBA3D
Paclitaxel,TUBA3E
Paclitaxel,TUBA4A
Paclitaxel,TUBB
Paclitaxel,TUBB1
Paclitaxel,TUBB2A
Paclitaxel,TUBB2B
Paclitaxel,TUBB3
Paclitaxel,TUBB4A
Paclitaxel,TUBB4B
Paclitaxel,TUBB6
Paclitaxel,TUBB8
Palbociclib,CDK4
Palbociclib,CDK6
Panobinostat,HDAC1
Panobinostat,HDAC10
Panobinostat,HDAC11
Panobinostat,HDAC2
Panobinostat,HDAC3
Panobinostat,HDAC4
Panobinostat,HDAC5
Panobinostat,HDAC6
Panobinostat,HDAC7
Panobinostat,HDAC8
Panobinostat,HDAC9
Parthenolide,HDAC1
Pazopanib,CSF1R
Pazopanib,KIT
Pazopanib,PDGFRA
Pazopanib,PDGFRB
Pelitinib,EGFR
Pemetrexed,TYMS
Pevonedistat,ATG7
Pevonedistat,KCNH2
Pevonedistat,NAE1
Pevonedistat,NEDD8
Pevonedistat,SAE1
Pevonedistat,UBA2
Pevonedistat,UBA3
Pevonedistat,UBA6
Phenformin,ABCC3
Phenformin,ABCC4
Phenformin,AR
Phenformin,CA1
Phenformin,CA12
Phenformin,CA2
Phenformin,CA9
Phenformin,CYP2D6
Phenformin,KCNJ8
Phenformin,NFE2L2
Phenformin,PPARA
Phenformin,PRKAA1
Phenformin,RORC
Phenformin,SLC22A1
Phenformin,SLC22A2
Phenformin,STK11
Pictilisib,PIK3CA
Pictilisib,PIK3CB
Pictilisib,PIK3CD
Pictilisib,PIK3CG
Pilaralisib,PIK3CA
Pilaralisib,PIK3CB
Pilaralisib,PIK3CD
Pilaralisib,PIK3CG
Piperlongumine,ALDH1A1
Piperlongumine,ATXN2
Piperlongumine,GMNN
Piperlongumine,IDH1
Piperlongumine,MAPT
Piperlongumine,MITF
Piperlongumine,PAX8
Piperlongumine,STAT3
Piperlongumine,TARDBP
Piperlongumine,TP53
Piperlongumine,TXNRD1
Ponatinib,ABL1
Ponatinib,FGFR1
Ponatinib,FLT3
Ponatinib,PDGFRA
Ponatinib,SRC
Pyrimethamine,ACP1
Pyrimethamine,AR
Pyrimethamine,CYP19A1
Pyrimethamine,CYP2C8
Pyrimethamine,DHFR
Pyrimethamine,ESR1
Pyrimethamine,GSTP1
Pyrimethamine,HEXA
Pyrimethamine,HEXB
Pyrimethamine,IDH1
Pyrimethamine,IKBKG
Pyrimethamine,IL2
Pyrimethamine,NFE2L2
Pyrimethamine,SLC47A1
Pyrimethamine,SLC47A2
Pyrimethamine,STAT3
Pyrimethamine,TDP1
Pyrimethamine,TP53
QL-VIII-58,ATR
QL-VIII-58,MTOR
QL-X-138,BTK
QL-XI-92,DDR1
QL-XII-47,BMX
QL-XII-47,BTK
QL-XII-47,IRAK1
QL-XII-61,BMX
QL-XII-61,BTK
QS11,ARFGAP1
Quizartinib,FLT3
RAF_9304,ARAF
RAF_9304,BRAF
RO-3306,CDK1
RU-SKI 43,SHH
RVX-208,BRD4
Refametinib,MAP2K1
Refametinib,MAP2K2
Remodelin,MAOA
Remodelin,MAOB
Ribociclib,CDK4
Ribociclib,CDK6
Romidepsin,HDAC1
Romidepsin,HDAC2
Romidepsin,HDAC3
Romidepsin,HDAC8
Rucaparib,PARP1
Rucaparib,PARP2
Ruxolitinib,JAK1
Ruxolitinib,JAK2
S-Trityl-L-cysteine,KIF11
SB216763,GSK3A
SB216763,GSK3B
SB505124,ACVR1B
SB505124,ACVR1C
SB505124,TGFBR1
SB590885,BRAF
SCH772984,MAPK1
SCH772984,MAPK3
SGC-CBP30,EP300
SGC0946,DOT1L
SL0101,AURKB
SL0101,PIM1
SL0101,PIM3
SN-38,TOP1
SU11274,MET
Sabutoclax,BCL2
Sabutoclax,BCL2A1
Sabutoclax,BCL2L1
Sabutoclax,MCL1
Salubrinal,EIF2A
Sapitinib,EGFR
Sapitinib,ERBB2
Sapitinib,ERBB3
Saracatinib,ABL1
Saracatinib,SRC
Savolitinib,MET
Seliciclib,CDK2
Seliciclib,CDK7
Seliciclib,CDK9
Selisistat,SIRT1
Selumetinib,MAP2K1
Selumetinib,MAP2K2
Sepantronium bromide,BIRC5
Serdemetan,MDM2
Shikonin,APEX1
Shikonin,CBFB
Shikonin,CDC25A
Shikonin,CDC25B
Shikonin,CDC25C
Shikonin,EGFR
Shikonin,EHMT2
Shikonin,KAT2A
Shikonin,MAPT
Shikonin,PKM
Shikonin,POLK
Shikonin,RECQL
Shikonin,RUNX1
Shikonin,THRB
Shikonin,VDR
Sorafenib,ARAF
Sorafenib,BRAF
Sorafenib,KIT
Sorafenib,PDGFRA
Sorafenib,PDGFRB
Sorafenib,RAF1
Staurosporine,AADAC
Staurosporine,AAK1
Staurosporine,AAMP
Staurosporine,AARS1
Staurosporine,ABCB1
Staurosporine,ABCC3
Staurosporine,ABL1
Staurosporine,ABL2
Staurosporine,ACVR1
Staurosporine,ACVR1B
Staurosporine,ACVR2A
Staurosporine,ACVR2B
Staurosporine,ACVRL1
Staurosporine,AKT1
Staurosporine,AKT2
Staurosporine,AKT3
Staurosporine,ALK
Staurosporine,ANKK1
Staurosporine,ANXA1
Staurosporine,APLN
Staurosporine,APOE
Staurosporine,ATAD5
Staurosporine,AURKA
Staurosporine,AURKB
Staurosporine,AURKC
Staurosporine,AXL
Staurosporine,BIRC5
Staurosporine,BLK
Staurosporine,BMP2K
Staurosporine,BMPR1A
Staurosporine,BMPR2
Staurosporine,BMX
Staurosporine,BRAF
Staurosporine,BRSK1
Staurosporine,BRSK2
Staurosporine,BTK
Staurosporine,CAMK1
Staurosporine,CAMK1D
Staurosporine,CAMK1G
Staurosporine,CAMK2A
Staurosporine,CAMK2B
Staurosporine,CAMK2D
Staurosporine,CAMK4
Staurosporine,CAMKK1
Staurosporine,CAMKK2
Staurosporine,CASP3
Staurosporine,CAST
Staurosporine,CCN2
Staurosporine,CDC42BPA
Staurosporine,CDC42BPB
Staurosporine,CDC42BPG
Staurosporine,CDK1
Staurosporine,CDK11A
Staurosporine,CDK11B
Staurosporine,CDK14
Staurosporine,CDK16
Staurosporine,CDK17
Staurosporine,CDK18
Staurosporine,CDK19
Staurosporine,CDK2
Staurosporine,CDK3
Staurosporine,CDK5
Staurosporine,CDK5R1
Staurosporine,CDK7
Staurosporine,CDK8
Staurosporine,CDK9
Staurosporine,CDKL3
Staurosporine,CHEK1
Staurosporine,CHEK2
Staurosporine,CHRM1
Staurosporine,CHRM2
Staurosporine,CHRM4
Staurosporine,CHUK
Staurosporine,CILK1
Staurosporine,CIT
Staurosporine,CLK1
Staurosporine,CLK2
Staurosporine,CLK3
Staurosporine,CLK4
Staurosporine,COQ8A
Staurosporine,COQ8B
Staurosporine,CSF1R
Staurosporine,CSF2
Staurosporine,CSK
Staurosporine,CSNK1A1
Staurosporine,CSNK1A1L
Staurosporine,CSNK1D
Staurosporine,CSNK1E
Staurosporine,CSNK1G1
Staurosporine,CSNK1G2
Staurosporine,CSNK1G3
Staurosporine,CSNK2A1
Staurosporine,CSNK2A2
Staurosporine,CSTF1
Staurosporine,CTSS
Staurosporine,CTSV
Staurosporine,CXCL2
Staurosporine,CYP11B2
Staurosporine,DAPK1
Staurosporine,DAPK2
Staurosporine,DAPK3
Staurosporine,DCLK1
Staurosporine,DCLK2
Staurosporine,DCLK3
Staurosporine,DDIT3
Staurosporine,DDR1
Staurosporine,DDR2
Staurosporine,DIABLO
Staurosporine,DMPK
Staurosporine,DSTYK
Staurosporine,DYRK1A
Staurosporine,DYRK1B
Staurosporine,DYRK2
Staurosporine,DYRK3
Staurosporine,EGFR
Staurosporine,EIF2AK1
Staurosporine,EIF2AK2
Staurosporine,EIF2AK4
Staurosporine,EIF2S1
Staurosporine,ELK1
Staurosporine,EP300
Staurosporine,EPHA1
Staurosporine,EPHA2
Staurosporine,EPHA3
Staurosporine,EPHA4
Staurosporine,EPHA5
Staurosporine,EPHA6
Staurosporine,EPHA7
Staurosporine,EPHA8
Staurosporine,EPHB1
Staurosporine,EPHB2
Staurosporine,EPHB3
Staurosporine,EPHB4
Staurosporine,ERBB2
Staurosporine,ERBB3
Staurosporine,ERBB4
Staurosporine,ERCC1
Staurosporine,ERN1
Staurosporine,ERN2
Staurosporine,EXTL1
Staurosporine,F2
Staurosporine,FCN1
Staurosporine,FER
Staurosporine,FES
Staurosporine,FGB
Staurosporine,FGFR1
Staurosporine,FGFR2
Staurosporine,FGFR3
Staurosporine,FGFR4
Staurosporine,FGR
Staurosporine,FLT1
Staurosporine,FLT3
Staurosporine,FLT4
Staurosporine,FRK
Staurosporine,FYN
Staurosporine,GAK
Staurosporine,GCK
Staurosporine,GFAP
Staurosporine,GPR55
Staurosporine,GRK1
Staurosporine,GRK2
Staurosporine,GRK3
Staurosporine,GRK4
Staurosporine,GRK5
Staurosporine,GRK6
Staurosporine,GRK7
Staurosporine,GSK3A
Staurosporine,GSK3B
Staurosporine,HASPIN
Staurosporine,HCK
Staurosporine,HIPK1
Staurosporine,HIPK2
Staurosporine,HIPK3
Staurosporine,HIPK4
Staurosporine,IGF1R
Staurosporine,IKBKB
Staurosporine,IKBKE
Staurosporine,IL2RA
Staurosporine,INSR
Staurosporine,INSRR
Staurosporine,IRAK1
Staurosporine,IRAK3
Staurosporine,IRAK4
Staurosporine,ITGAL
Staurosporine,ITK
Staurosporine,JAK1
Staurosporine,JAK2
Staurosporine,JAK3
Staurosporine,KARS1
Staurosporine,KDR
Staurosporine,KIT
Staurosporine,KSR2
Staurosporine,LATS1
Staurosporine,LATS2
Staurosporine,LCK
Staurosporine,LIMK1
Staurosporine,LIMK2
Staurosporine,LRRK2
Staurosporine,LTK
Staurosporine,LYN
Staurosporine,MAK
Staurosporine,MAP2K1
Staurosporine,MAP2K2
Staurosporine,MAP2K3
Staurosporine,MAP2K4
Staurosporine,MAP2K5
Staurosporine,MAP2K6
Staurosporine,MAP2K7
Staurosporine,MAP3K1
Staurosporine,MAP3K10
Staurosporine,MAP3K11
Staurosporine,MAP3K12
Staurosporine,MAP3K14
Staurosporine,MAP3K19
Staurosporine,MAP3K2
Staurosporine,MAP3K20
Staurosporine,MAP3K21
Staurosporine,MAP3K3
Staurosporine,MAP3K4
Staurosporine,MAP3K5
Staurosporine,MAP3K6
Staurosporine,MAP3K7
Staurosporine,MAP3K9
Staurosporine,MAP4K1
Staurosporine,MAP4K2
Staurosporine,MAP4K3
Staurosporine,MAP4K4
Staurosporine,MAP4K5
Staurosporine,MAPK1
Staurosporine,MAPK10
Staurosporine,MAPK11
Staurosporine,MAPK12
Staurosporine,MAPK13
Staurosporine,MAPK14
Staurosporine,MAPK15
Staurosporine,MAPK3
Staurosporine,MAPK4
Staurosporine,MAPK6
Staurosporine,MAPK7
Staurosporine,MAPK8
Staurosporine,MAPK9
Staurosporine,MAPKAPK2
Staurosporine,MAPKAPK3
Staurosporine,MAPKAPK5
Staurosporine,MARCKSL1
Staurosporine,MARK1
Staurosporine,MARK2
Staurosporine,MARK3
Staurosporine,MARK4
Staurosporine,MATK
Staurosporine,MELK
Staurosporine,MERTK
Staurosporine,MET
Staurosporine,MINK1
Staurosporine,MKNK1
Staurosporine,MKNK2
Staurosporine,MST1R
Staurosporine,MTOR
Staurosporine,MUSK
Staurosporine,MYLK
Staurosporine,MYLK2
Staurosporine,MYLK3
Staurosporine,MYLK4
Staurosporine,MYO3A
Staurosporine,MYO3B
Staurosporine,NEK1
Staurosporine,NEK11
Staurosporine,NEK2
Staurosporine,NEK3
Staurosporine,NEK4
Staurosporine,NEK5
Staurosporine,NEK6
Staurosporine,NEK7
Staurosporine,NEK8
Staurosporine,NEK9
Staurosporine,NFE2L2
Staurosporine,NIM1K
Staurosporine,NLK
Staurosporine,NOP2
Staurosporine,NOS1
Staurosporine,NOX4
Staurosporine,NPPC
Staurosporine,NPSR1
Staurosporine,NTRK1
Staurosporine,NTRK2
Staurosporine,NTRK3
Staurosporine,NUAK1
Staurosporine,NUAK2
Staurosporine,OSR1
Staurosporine,OXSR1
Staurosporine,PAK1
Staurosporine,PAK2
Staurosporine,PAK3
Staurosporine,PAK4
Staurosporine,PAK5
Staurosporine,PAK6
Staurosporine,PASK
Staurosporine,PBK
Staurosporine,PDGFRA
Staurosporine,PDGFRB
Staurosporine,PDK1
Staurosporine,PDPK1
Staurosporine,PEAK1
Staurosporine,PHKG1
Staurosporine,PHKG2
Staurosporine,PIK3C2B
Staurosporine,PIK3CA
Staurosporine,PIK3CB
Staurosporine,PIK3CD
Staurosporine,PIK3CG
Staurosporine,PIM1
Staurosporine,PIM2
Staurosporine,PIM3
Staurosporine,PIP4K2B
Staurosporine,PIP4K2C
Staurosporine,PIP5K1A
Staurosporine,PKMYT1
Staurosporine,PKN1
Staurosporine,PKN2
Staurosporine,PKN3
Staurosporine,PLK1
Staurosporine,PLK2
Staurosporine,PLK3
Staurosporine,PLK4
Staurosporine,PNCK
Staurosporine,PRKAA1
Staurosporine,PRKAA2
Staurosporine,PRKACA
Staurosporine,PRKACB
Staurosporine,PRKACG
Staurosporine,PRKCA
Staurosporine,PRKCB
Staurosporine,PRKCD
Staurosporine,PRKCE
Staurosporine,PRKCG
Staurosporine,PRKCH
Staurosporine,PRKCI
Staurosporine,PRKCQ
Staurosporine,PRKCZ
Staurosporine,PRKD1
Staurosporine,PRKD2
Staurosporine,PRKD3
Staurosporine,PRKG1
Staurosporine,PRKG2
Staurosporine,PRKX
Staurosporine,PTK2
Staurosporine,PTK2B
Staurosporine,PTK6
Staurosporine,RAF1
Staurosporine,RB1
Staurosporine,RECQL
Staurosporine,RET
Staurosporine,RIOK1
Staurosporine,RIOK3
Staurosporine,RIPK2
Staurosporine,ROCK1
Staurosporine,ROCK2
Staurosporine,ROS1
Staurosporine,RPS6KA1
Staurosporine,RPS6KA2
Staurosporine,RPS6KA3
Staurosporine,RPS6KA4
Staurosporine,RPS6KA5
Staurosporine,RPS6KA6
Staurosporine,RPS6KB1
Staurosporine,RPS6KB2
Staurosporine,S1PR1
Staurosporine,S1PR4
Staurosporine,SBK1
Staurosporine,SGK1
Staurosporine,SGK2
Staurosporine,SGK3
Staurosporine,SIK1
Staurosporine,SIK2
Staurosporine,SIK3
Staurosporine,SLC1A1
Staurosporine,SLC2A4
Staurosporine,SLK
Staurosporine,SNRK
Staurosporine,SRC
Staurosporine,SRMS
Staurosporine,SRPK1
Staurosporine,SRPK2
Staurosporine,SRPK3
Staurosporine,STK10
Staurosporine,STK11
Staurosporine,STK16
Staurosporine,STK17A
Staurosporine,STK17B
Staurosporine,STK24
Staurosporine,STK25
Staurosporine,STK26
Staurosporine,STK3
Staurosporine,STK32B
Staurosporine,STK32C
Staurosporine,STK33
Staurosporine,STK36
Staurosporine,STK38
Staurosporine,STK38L
Staurosporine,STK39
Staurosporine,STK4
Staurosporine,SYK
Staurosporine,TAOK1
Staurosporine,TAOK2
Staurosporine,TAOK3
Staurosporine,TBK1
Staurosporine,TEC
Staurosporine,TEK
Staurosporine,TERT
Staurosporine,TESK1
Staurosporine,TGFBR1
Staurosporine,TGFBR2
Staurosporine,TIE1
Staurosporine,TLK1
Staurosporine,TLK2
Staurosporine,TNIK
Staurosporine,TNK1
Staurosporine,TNK2
Staurosporine,TNNI3K
Staurosporine,TRPM6
Staurosporine,TSSK1B
Staurosporine,TSSK2
Staurosporine,TSSK3
Staurosporine,TSSK6
Staurosporine,TTK
Staurosporine,TXK
Staurosporine,TXNRD1
Staurosporine,TYK2
Staurosporine,TYRO3
Staurosporine,ULK1
Staurosporine,ULK2
Staurosporine,ULK3
Staurosporine,VDR
Staurosporine,VRK2
Staurosporine,WEE1
Staurosporine,WEE2
Staurosporine,WNK2
Staurosporine,XBP1
Staurosporine,YES1
Staurosporine,ZAP70
Sunitinib,CSF1R
Sunitinib,FLT3
Sunitinib,KIT
Sunitinib,PDGFRA
Sunitinib,PDGFRB
Sunitinib,RET
TAF1_5496,TAF1
TAK-715,ABL1
TAK-715,ACVR1
TAK-715,ACVR1B
TAK-715,ALK
TAK-715,BMPR1B
TAK-715,CDC42BPG
TAK-715,CIT
TAK-715,COQ8A
TAK-715,COQ8B
TAK-715,CSNK1A1
TAK-715,CSNK1A1L
TAK-715,CSNK1D
TAK-715,CSNK1E
TAK-715,CSNK1G1
TAK-715,CSNK1G2
TAK-715,CSNK1G3
TAK-715,CTNNB1
TAK-715,CTNND1
TAK-715,DDR1
TAK-715,EGFR
TAK-715,ERBB4
TAK-715,FLT4
TAK-715,FRK
TAK-715,GAK
TAK-715,HUNK
TAK-715,IKBKB
TAK-715,KDR
TAK-715,KIT
TAK-715,MAP2K5
TAK-715,MAP3K1
TAK-715,MAP3K20
TAK-715,MAP4K4
TAK-715,MAP4K5
TAK-715,MAPK10
TAK-715,MAPK11
TAK-715,MAPK12
TAK-715,MAPK13
TAK-715,MAPK14
TAK-715,MAPK3
TAK-715,MAPK8
TAK-715,MAPK9
TAK-715,MARK3
TAK-715,MINK1
TAK-715,NLK
TAK-715,PRKD2
TAK-715,PRKD3
TAK-715,PTK6
TAK-715,RIPK2
TAK-715,RPS6KA6
TAK-715,SLK
TAK-715,SRC
TAK-715,STK32A
TAK-715,STK32B
TAK-715,STK36
TAK-715,TGFBR1
TAK-715,TNIK
TAK-715,YES1
TGX221,PIK3CB
THZ-1-87,BMX
THZ-1-87,BTK
THZ-2-102-1,CDK7
THZ-2-49,CDK9
THZ-2-98-01,IRAK1
TL-1-85,MAP3K7
TL-1-85,MAP4K2
TPCA-1,AURKA
TPCA-1,AURKB
TPCA-1,BTK
TPCA-1,CDK2
TPCA-1,DMTN
TPCA-1,EIF2AK2
TPCA-1,EPHB3
TPCA-1,FLT1
TPCA-1,FLT3
TPCA-1,HDAC6
TPCA-1,IGF1R
TPCA-1,IKBKB
TPCA-1,IRAK4
TPCA-1,JAK1
TPCA-1,JAK2
TPCA-1,MAP2K2
TPCA-1,MAP3K11
TPCA-1,MAP3K5
TPCA-1,MAP3K7
TPCA-1,MAP3K9
TPCA-1,MAP4K2
TPCA-1,MINK1
TPCA-1,NUAK1
TPCA-1,SRC
TPCA-1,STK3
TPCA-1,TNK2
TPCA-1,TYK2
TPCA-1,YES1
TTK_3146,TTK
TW 37,BCL2
TW 37,BCL2L1
TW 37,MCL1
TWS119,GSK3A
TWS119,GSK3B
Talazoparib,PARP1
Talazoparib,PARP2
Tamoxifen,ESR1
Tanespimycin,ABL1
Tanespimycin,ALB
Tanespimycin,AR
Tanespimycin,BCR
Tanespimycin,CDK4
Tanespimycin,ERBB2
Tanespimycin,ESR1
Tanespimycin,GMNN
Tanespimycin,HDAC1
Tanespimycin,HIF1A
Tanespimycin,HSP90AA1
Tanespimycin,HSP90AB1
Tanespimycin,KDM4B
Tanespimycin,KDM4C
Tanespimycin,KDM5A
Tanespimycin,KDM6B
Tanespimycin,MTOR
Tanespimycin,PIK3CA
Tanespimycin,RET
Tanespimycin,TDP1
Tanespimycin,TP53
Tanespimycin,TRAP1
Tanespimycin,XIAP
Taselisib,PIK3CA
Taselisib,PIK3CB
Taselisib,PIK3CD
Taselisib,PIK3CG
Telomerase Inhibitor IX,TERT
Temozolomide,ABCB1
Temozolomide,ABCC3
Temozolomide,ABCC4
Temozolomide,ABCG2
Temozolomide,ABL1
Temozolomide,ALB
Temozolomide,ALK
Temozolomide,ARID1A
Temozolomide,ATM
Temozolomide,ATR
Temozolomide,CA1
Temozolomide,CA12
Temozolomide,CA2
Temozolomide,CA9
Temozolomide,CDKN2A
Temozolomide,CSF2
Temozolomide,GSTP1
Temozolomide,H2AX
Temozolomide,HDAC4
Temozolomide,IDH1
Temozolomide,MGMT
Temozolomide,MSH6
Temozolomide,MYC
Temozolomide,ORM1
Temozolomide,PIK3CA
Temozolomide,PRL
Temozolomide,PTEN
Temozolomide,TP53
Temsirolimus,MTOR
Teniposide,ABCC1
Teniposide,ABCC6
Teniposide,ABCG2
Teniposide,APOBEC3F
Teniposide,AR
Teniposide,ATM
Teniposide,BCL2
Teniposide,CYP2C19
Teniposide,CYP2C9
Teniposide,CYP3A4
Teniposide,CYP3A5
Teniposide,ESR1
Teniposide,FAS
Teniposide,H2AC25
Teniposide,NCOA1
Teniposide,NCOA3
Teniposide,NOP2
Teniposide,NR3C1
Teniposide,TDP1
Teniposide,TOP2A
Tenovin-6,PDGFRA
Tenovin-6,SIRT2
Thapsigargin,ATP2A1
Thapsigargin,ATXN2
Thapsigargin,HSPA5
Thapsigargin,MTOR
Tipifarnib,ABCB1
Tipifarnib,CCR10
Tipifarnib,CDKN1A
Tipifarnib,CYP3A4
Tipifarnib,ERBB2
Tipifarnib,FNTA
Tipifarnib,FNTB
Tipifarnib,HRAS
Tipifarnib,NF1
Tipifarnib,PGGT1B
Tipifarnib,PIK3CA
Tipifarnib,PTEN
Tivozanib,KIT
Tivozanib,PDGFRA
Tivozanib,PDGFRB
Topotecan,TOP1
Torin 2,MTOR
Tozasertib,AURKA
Tozasertib,AURKB
Tozasertib,AURKC
Trametinib,MAP2K1
Trametinib,MAP2K2
Tretinoin,ABCB11
Tretinoin,ABCC3
Tretinoin,ABCC4
Tretinoin,ADH1C
Tretinoin,ADORA3
Tretinoin,ALB
Tretinoin,ALDH1A1
Tretinoin,ALDH1A2
Tretinoin,ALPL
Tretinoin,AMH
Tretinoin,APOA1
Tretinoin,APOE
Tretinoin,APP
Tretinoin,BAX
Tretinoin,BCHE
Tretinoin,BCKDHB
Tretinoin,BCL2
Tretinoin,BCL2L2
Tretinoin,BHLHE40
Tretinoin,BIRC5
Tretinoin,CALR
Tretinoin,CD55
Tretinoin,CDC25B
Tretinoin,CDKN1B
Tretinoin,CEACAM1
Tretinoin,CRABP1
Tretinoin,CRABP2
Tretinoin,CXCL8
Tretinoin,CYP1A1
Tretinoin,CYP26A1
Tretinoin,CYP26B1
Tretinoin,CYP26C1
Tretinoin,CYP2A6
Tretinoin,CYP2B6
Tretinoin,CYP2C18
Tretinoin,CYP2C8
Tretinoin,CYP2C9
Tretinoin,CYP3A4
Tretinoin,CYP3A5
Tretinoin,CYP3A7
Tretinoin,CYP4A11
Tretinoin,DUSP6
Tretinoin,EGR2
Tretinoin,EHMT2
Tretinoin,ESR1
Tretinoin,FLT3
Tretinoin,FUS
Tretinoin,GLI1
Tretinoin,GPRC5A
Tretinoin,HAS3
Tretinoin,HES1
Tretinoin,HIF1A
Tretinoin,HOXB1
Tretinoin,HOXD1
Tretinoin,HPGDS
Tretinoin,HSPA8
Tretinoin,HSPB1
Tretinoin,HSPD1
Tretinoin,HSPE1
Tretinoin,HTR2B
Tretinoin,IFNG
Tretinoin,IL10
Tretinoin,IL1R1
Tretinoin,ITGB2
Tretinoin,KAT2A
Tretinoin,KLK3
Tretinoin,LCN1
Tretinoin,LIF
Tretinoin,MAP4K5
Tretinoin,MAPK1
Tretinoin,MAPK8
Tretinoin,MDK
Tretinoin,MST1
Tretinoin,MYCN
Tretinoin,MYOD1
Tretinoin,NFE2L2
Tretinoin,NOS1
Tretinoin,NR1H4
Tretinoin,NR1I2
Tretinoin,NR2C1
Tretinoin,NR2C2
Tretinoin,NR2E1
Tretinoin,NR3C1
Tretinoin,NR4A1
Tretinoin,NRIP1
Tretinoin,OBP2A
Tretinoin,OCLN
Tretinoin,P2RY2
Tretinoin,PDK4
Tretinoin,PIN1
Tretinoin,PML
Tretinoin,PPARD
Tretinoin,PPARG
Tretinoin,PRL
Tretinoin,PTCH1
Tretinoin,PTPRZ1
Tretinoin,RARA
Tretinoin,RARB
Tretinoin,RARG
Tretinoin,RARRES1
Tretinoin,RB1
Tretinoin,RBP4
Tretinoin,RET
Tretinoin,RORA
Tretinoin,RORB
Tretinoin,RORC
Tretinoin,RPE65
Tretinoin,RXRA
Tretinoin,RXRB
Tretinoin,RXRG
Tretinoin,S1PR1
Tretinoin,SFTPA1
Tretinoin,SHH
Tretinoin,SLC2A1
Tretinoin,SMAD2
Tretinoin,SMARCA4
Tretinoin,SNCA
Tretinoin,SPP1
Tretinoin,TBP
Tretinoin,TG
Tretinoin,TGFB1
Tretinoin,TGFBR3
Tretinoin,THBS1
Tretinoin,TP73
Tretinoin,TPO
Tretinoin,TSPYL2
Tretinoin,USP1
Tretinoin,VDR
Tretinoin,WT1
Tretinoin,XIAP
Trichostatin A,HDAC1
Trichostatin A,HDAC10
Trichostatin A,HDAC11
Trichostatin A,HDAC2
Trichostatin A,HDAC3
Trichostatin A,HDAC4
Trichostatin A,HDAC5
Trichostatin A,HDAC6
Trichostatin A,HDAC7
Trichostatin A,HDAC8
Trichostatin A,HDAC9
Tubastatin A,HDAC1
Tubastatin A,HDAC6
Tubastatin A,HDAC8
ULK1_4989,ULK1
UMI-77,MCL1
UNC0642,ADRA1D
UNC0642,EHMT1
UNC0642,EHMT2
UNC0642,GCNT2
UNC0642,HRH3
UNC0642,OPN1MW
UNC1215,L3MBTL3
Ulixertinib,MAPK1
Ulixertinib,MAPK3
Uprosertib,AKT1
Uprosertib,AKT2
Uprosertib,AKT3
VE-822,ATR
VE821,ATR
VNLG/124,HDAC1
VNLG/124,HDAC10
VNLG/124,HDAC11
VNLG/124,HDAC2
VNLG/124,HDAC3
VNLG/124,HDAC4
VNLG/124,HDAC5
VNLG/124,HDAC6
VNLG/124,HDAC7
VNLG/124,HDAC8
VNLG/124,HDAC9
VX-11e,MAPK1
VX-702,MAPK14
Veliparib,PARP1
Veliparib,PARP2
Venetoclax,BCL2
Vinblastine,ABCB1
Vinblastine,ABCB11
Vinblastine,ABCB4
Vinblastine,ABCC1
Vinblastine,ABCC2
Vinblastine,ABCC6
Vinblastine,AR
Vinblastine,ATAD5
Vinblastine,ATXN2
Vinblastine,BRAF
Vinblastine,CDKN1A
Vinblastine,CGA
Vinblastine,CSF2
Vinblastine,CYP19A1
Vinblastine,CYP2D6
Vinblastine,CYP3A4
Vinblastine,ESR1
Vinblastine,GMNN
Vinblastine,HSPB1
Vinblastine,IDH1
Vinblastine,JUN
Vinblastine,KLK3
Vinblastine,MMP2
Vinblastine,NF1
Vinblastine,NFE2L2
Vinblastine,NOP2
Vinblastine,NR0B1
Vinblastine,NR5A1
Vinblastine,PAX8
Vinblastine,PTHLH
Vinblastine,SLCO1B1
Vinblastine,SLK
Vinblastine,TBXA2R
Vinblastine,TBXAS1
Vinblastine,TDP1
Vinblastine,TP53
Vinblastine,TRH
Vinblastine,TUBA1A
Vinblastine,TUBA1B
Vinblastine,TUBA1C
Vinblastine,TUBA3C
Vinblastine,TUBA3D
Vinblastine,TUBA3E
Vinblastine,TUBA4A
Vinblastine,TUBB
Vinblastine,TUBB1
Vinblastine,TUBB2A
Vinblastine,TUBB2B
Vinblastine,TUBB3
Vinblastine,TUBB4A
Vinblastine,TUBB4B
Vinblastine,TUBB6
Vinblastine,TUBB8
Vinblastine,TUBD1
Vinblastine,TUBE1
Vinblastine,TUBG1
Vinorelbine,APC
Vinorelbine,AR
Vinorelbine,BAX
Vinorelbine,BRCA1
Vinorelbine,CSF2
Vinorelbine,CYP2D6
Vinorelbine,CYP3A4
Vinorelbine,DPEP1
Vinorelbine,JUN
Vinorelbine,TACR2
Vinorelbine,TDP1
Vinorelbine,TUBA1A
Vinorelbine,TUBA1B
Vinorelbine,TUBA1C
Vinorelbine,TUBA3C
Vinorelbine,TUBA3D
Vinorelbine,TUBA3E
Vinorelbine,TUBA4A
Vinorelbine,TUBB
Vinorelbine,TUBB1
Vinorelbine,TUBB2A
Vinorelbine,TUBB2B
Vinorelbine,TUBB3
Vinorelbine,TUBB4A
Vinorelbine,TUBB4B
Vinorelbine,TUBB6
Vinorelbine,TUBB8
Vinorelbine,VDR
Vismodegib,SMO
Vorinostat,HDAC1
Vorinostat,HDAC10
Vorinostat,HDAC11
Vorinostat,HDAC2
Vorinostat,HDAC3
Vorinostat,HDAC4
Vorinostat,HDAC5
Vorinostat,HDAC6
Vorinostat,HDAC7
Vorinostat,HDAC8
Vorinostat,HDAC9
Voxtalisib,MTOR
Voxtalisib,PIK3CA
Voxtalisib,PIK3CB
Voxtalisib,PIK3CD
Voxtalisib,PIK3CG
WEHI-539,BCL2L1
WH-4-023,LCK
WH-4-023,SRC
WHI-P97,JAK3
WIKI4,TNKS2
WYE-125132,MTOR
WZ-1-84,BMX
WZ3105,FLT3
WZ3105,IRAK1
WZ3105,NTRK2
WZ3105,ROCK2
WZ3105,SRC
WZ4003,NUAK1
WZ4003,NUAK2
Wee1 Inhibitor,CHEK1
Wee1 Inhibitor,WEE1
Wnt-C59,PORCN
XAV939,TNKS2
XMD11-50,LRRK2
XMD11-85h,LRRK2
XMD14-99,ALK
XMD14-99,CDK7
XMD14-99,LTK
Y-39983,ROCK2
YM201636,PIKFYVE
ZM447439,AURKA
ZM447439,AURKB
ZSTK474,PIK3CA
ZSTK474,PIK3CB
ZSTK474,PIK3CD
ZSTK474,PIK3CG
Zibotentan,ALDH1B1
Zibotentan,EDNRA
Zibotentan,EDNRB
Zoledronate,ABCC3
Zoledronate,ABCC4
Zoledronate,ALK
Zoledronate,BLVRA
Zoledronate,CA1
Zoledronate,CA12
Zoledronate,CA14
Zoledronate,CA2
Zoledronate,CA9
Zoledronate,COL1A1
Zoledronate,CYP2C8
Zoledronate,EML4
Zoledronate,FDPS
Zoledronate,GGPS1
Zoledronate,IBSP
Zoledronate,MMP14
Zoledronate,MMP2
Zoledronate,MMP8
Zoledronate,PLAU
Zoledronate,PPCDC
Zoledronate,SPP1
Zoledronate,TNFRSF11A
Zoledronate,TNFRSF11B
ascorbate (vitamin C),G6PD
"eEF2K Inhibitor, A-484954",EEF2K
glutathione,ABCC1
glutathione,ABCC2
glutathione,ABCC3
glutathione,ABCC4
glutathione,ABCC5
glutathione,AKR1B1
glutathione,CYP3A4
glutathione,EHMT1
glutathione,ESD
glutathione,GGT1
glutathione,GLO1
glutathione,GLRX
glutathione,GLRX2
glutathione,GPX1
glutathione,GPX2
glutathione,GPX3
glutathione,GPX4
glutathione,GPX5
glutathione,GPX6
glutathione,GPX7
glutathione,GPX8
glutathione,GSR
glutathione,GSS
glutathione,GSTA1
glutathione,GSTA2
glutathione,GSTA3
glutathione,GSTA4
glutathione,GSTA5
glutathione,GSTK1
glutathione,GSTM1
glutathione,GSTM2
glutathione,GSTM3
glutathione,GSTM4
glutathione,GSTM5
glutathione,GSTO1
glutathione,GSTO2
glutathione,GSTP1
glutathione,GSTZ1
glutathione,HAGH
glutathione,HPGDS
glutathione,LTC4S
glutathione,MGST1
glutathione,MGST2
glutathione,MGST3
glutathione,MMP9
torin2,ATM
torin2,ATR
torin2,MTOR
