tag,seed,run,hits,n_probe,hit_rate,empty_mask_rows,median_rank,ranks
base,1,base_s1,6,16,37.5,150,68.5,601 51 1 283 1 1 1 3 285 529 1053 86 49 191 638 6
base,2,base_s2,8,16,50.0,150,9.0,3 1 1 206 1 1 1 65 203 1 83 86 1 239 15 267
base,3,base_s3,7,16,43.75,150,80.0,212 202 1 344 1 1 1 262 380 1 74 86 245 1 10 189
base,4,base_s4,7,16,43.75,150,32.5,331 397 1 2948 1 1 2 5 2948 743 51 86 314 1 14 7
base,5,base_s5,7,16,43.75,150,12.5,1 4 1 1708 2 2 2 13 1723 12 74 86 1 353 20 24
base,6,base_s6,4,16,25.0,150,74.5,129 52 1 1868 1 1 1 74 1899 75 118 86 51 155 21 175
bgn,1,bgn_s1,8,16,50.0,150,10.0,15 4 2 2740 2 1 2 1 2773 120 161 86 3 140 33 5
bgn,2,bgn_s2,9,16,56.25,150,2.5,4 1 1 2813 1 1 1 1 2562 15 219 86 1 343 30 1
bgn,3,bgn_s3,10,16,62.5,150,2.0,3 1 2 118 2 2 2 1 181 28 68 86 2 1 29 1
bhy,1,bhy_s1,6,16,37.5,150,64.5,556 504 6 3046 1 11 7 4 3040 381 181 86 673 1 43 2
bhy,2,bhy_s2,6,16,37.5,150,22.0,23 21 14 2870 1 29 9 2 2824 1 157 86 4 77 26 1
bhy,3,bhy_s3,9,16,56.25,150,3.5,1 261 2 1132 2 1 2 58 898 1 243 86 1 1 5 70
brd,1,brd_s1,5,16,31.25,150,38.5,32 76 45 2656 3 32 44 5 2477 9 96 86 47 1 33 1
brd,2,brd_s2,7,16,43.75,150,12.0,5 1 12 262 1 2 12 107 281 2 66 86 2 3 23 94
brd,3,brd_s3,5,16,31.25,150,36.0,151 94 2 2200 1 2 2 34 1944 28 506 86 114 1 38 28
brd,4,brd_s4,3,16,18.75,150,67.0,109 155 38 313 4 18 48 16 328 277 284 86 158 1 14 7
brd,5,brd_s5,11,16,68.75,150,3.5,1 1 2 341 3 4 2 7 320 4 60 86 1 1 32 3
brd,6,brd_s6,5,16,31.25,150,95.5,105 46 1 446 3 1 1 247 434 231 163 86 51 242 6 1077
bsp,1,bsp_s1,4,16,25.0,150,96.5,335 324 6 2810 1 1 5 160 2815 237 107 86 57 485 26 59
bsp,2,bsp_s2,10,16,62.5,150,3.5,1 1 1 135 6 2 1 4 125 1 99 86 1 68 16 3
bsp,3,bsp_s3,6,16,37.5,150,15.5,294 214 1 3073 1 1 1 12 3051 2 157 86 235 1 17 14
cross_diag2,-1,cross_diag2,1,16,6.25,150,99.0,123 170 30 610 14 11 29 14 837 129 112 86 171 471 13 6
cross_newfp,-1,cross_newfp,4,16,25.0,150,63.0,125 75 25 1268 2 2 27 8 1406 119 60 86 66 1 205 14
dns,1,dns_s1,4,16,25.0,150,190.0,9 1 188 3048 279 192 185 379 3051 242 207 86 1 1 17 286
dns,2,dns_s2,9,16,56.25,150,6.5,7 6 2 2494 1 1 2 2 2497 1 359 86 2 143 24 14
dns,3,dns_s3,7,16,43.75,150,15.5,313 342 4 2928 1 2 3 1 2930 11 319 86 357 1 20 1
dns,4,dns_s4,5,16,31.25,150,102.5,526 556 6 825 2 4 6 17 833 361 412 86 558 1 60 119
dns,5,dns_s5,9,16,56.25,150,2.0,1 1 2 2838 1 1 1 16 2831 2 134 86 1 1 26 54
dns,6,dns_s6,10,16,62.5,150,1.0,1 9 1 26 1 1 1 1 25 13 106 86 1 1 43 1
fixA,-1,fixA,8,16,50.0,150,11.5,1 3 23 2297 5 3 23 5 2916 120 32 86 2 1 18 2
fixA_lam005,-1,fixA_lam005,7,16,43.75,150,14.5,2 4 28 225 8 9 27 12 248 3 56 86 2 284 17 6
fixA_lam005_newfp,-1,fixA_lam005_newfp,6,16,37.5,150,54.5,69 163 3 197 1 4 2 9 210 349 93 86 127 1 40 14
fixA_lam020,-1,fixA_lam020,5,16,31.25,150,70.5,82 116 14 462 2 1 13 8 655 59 129 86 93 1066 7 3
fixB,-1,fixB,4,16,25.0,150,91.0,96 53 687 222 1 1 621 236 1291 210 313 86 50 1 9 18
g00,1,g00_s1,0,16,0.0,150,97.0,63 123 14 3078 41 12 13 401 3068 235 55 86 72 1426 108 237
g00,2,g00_s2,0,16,0.0,150,91.5,54 54 90 2090 91 83 87 601 1566 97 153 86 41 92 95 839
g00,3,g00_s3,0,16,0.0,150,89.0,16 228 89 3003 89 108 87 165 2991 274 12 86 21 19 11 112
g10,1,g10_s1,7,16,43.75,150,18.5,14 23 1 2890 3 2 1 4 2760 572 42 86 1 107 529 5
g10,2,g10_s2,4,16,25.0,150,72.0,90 1 28 80 4 133 20 188 64 119 85 86 2 1 46 232
g10,3,g10_s3,7,16,43.75,150,49.0,249 290 1 3034 1 1 1 111 3035 6 31 86 292 1 5 67
g40,1,g40_s1,7,16,43.75,150,42.0,1 1 159 3060 2 4 141 3 3079 51 276 86 1 759 33 1
g40,2,g40_s2,4,16,25.0,150,34.0,2 1 27 129 22 32 36 575 130 94 186 86 1 1 27 597
g40,3,g40_s3,9,16,56.25,150,6.5,1 1 2 201 3 1 2 81 205 10 242 86 1 1 20 79
geneBN_lam005,-1,geneBN_lam005,6,16,37.5,150,40.0,637 653 1 2136 1 1 1 7 2176 27 83 86 635 1 32 48
hdca_gdsc12_genesparse005,-1,hdca_gdsc12_genesparse005,7,16,43.75,150,16.5,208 210 3 549 3 8 1 12 478 1 49 86 216 1 21 3
hdca_gdsc12_genesparse01,-1,hdca_gdsc12_genesparse01,6,16,37.5,150,60.0,302 343 10 315 1 2 11 7 324 34 163 86 324 1 271 6
hdca_gdsc12_genesparse02,-1,hdca_gdsc12_genesparse02,7,16,43.75,150,51.0,295 286 1 826 2 6 1 7 1876 16 164 86 305 1 307 7
hybridBN_lam005,-1,hybridBN_lam005,7,16,43.75,150,27.5,1 2 3 222 10 1 6 636 160 86 30 86 1 485 25 66
lng,1,lng_s1,3,16,18.75,150,100.5,12 1 141 206 248 149 146 167 204 36 71 86 1 1 34 115
lng,2,lng_s2,8,16,50.0,150,12.5,7 8 3 146 1 4 4 21 132 17 211 86 1 1 24 23
lng,3,lng_s3,7,16,43.75,150,23.0,39 34 8 3072 2 4 4 10 3066 3 69 86 104 1 12 69
lng,4,lng_s4,2,16,12.5,150,68.0,53 68 195 195 68 34 61 5 151 30 87 86 70 1294 14 3
lng,5,lng_s5,7,16,43.75,150,43.0,1 52 1 682 1 1 1 331 665 9 72 86 1 731 34 333
lng,6,lng_s6,7,16,43.75,150,59.5,4 3 1 318 1 1 1 331 330 113 131 86 7 575 33 347
md0,1,md0_s1,5,16,31.25,150,30.0,3 1 25 2635 2 23 35 250 2606 6 76 86 1 113 24 214
md0,2,md0_s2,10,16,62.5,150,4.0,3 2 2 2580 1 2 4 4 2529 1 296 86 2 10 15 13
md0,3,md0_s3,6,16,37.5,150,80.5,54 95 1 2995 3 10 5 234 3010 2 127 86 75 205 9 190
md0,4,md0_s4,7,16,43.75,150,22.5,2 1 2 2905 2 2 10 32 2909 217 168 86 2 273 61 13
md0,5,md0_s5,8,16,50.0,150,12.0,2 1 2 3038 2 4 3 20 3029 36 115 86 1 2 26 31
md0,6,md0_s6,6,16,37.5,150,56.5,88 130 1 2590 1 1 2 6 2588 1 138 86 110 448 27 22
md2,1,md2_s1,5,16,31.25,150,56.5,188 2 37 424 1 26 76 1 449 336 100 86 1 381 32 1
md2,2,md2_s2,4,16,25.0,150,73.5,14 2 186 2742 50 77 146 141 2557 1 58 86 1 394 6 70
md2,3,md2_s3,8,16,50.0,150,12.0,2 102 8 134 4 2 5 128 133 15 148 86 2 1 9 94
pathchain,1,pathchain_s1,10,16,62.5,71,7.5,1 2 1 1864 2 1 1 274 1899 16 7 8 3 259 9 213
pathchain,2,pathchain_s2,6,16,37.5,71,14.5,15 7 2 1277 15 14 12 28 1236 8 3 5 16 18 63 9
pathchain,3,pathchain_s3,8,16,50.0,71,10.5,5 6 9 2231 6 1 14 172 2449 4 4 12 2 498 15 151
pathchain,4,pathchain_s4,3,16,18.75,71,21.0,4 6 22 2044 20 18 20 98 2105 25 8 13 12 31 42 712
pathchain,5,pathchain_s5,4,16,25.0,71,19.5,18 18 22 329 12 1 21 27 356 8 2 7 35 302 29 16
pathchain,6,pathchain_s6,6,16,37.5,71,27.0,31 23 3 2858 1 1 1 169 2865 10 8 17 37 33 31 186
prn,1,prn_s1,4,16,25.0,150,90.5,16 2 102 399 76 95 95 6 485 608 117 86 1 493 50 3
prn,2,prn_s2,4,16,25.0,150,51.0,1 235 36 75 1 58 36 177 67 2 90 86 44 1 17 127
prn,3,prn_s3,6,16,37.5,150,166.0,698 686 8 515 3 4 11 345 502 10 246 86 651 1 7 462
prn,4,prn_s4,4,16,25.0,150,61.0,84 79 46 2416 1 21 21 4 794 79 25 86 76 92 8 2
prn,5,prn_s5,7,16,43.75,150,42.5,1 51 1 269 1 1 1 355 135 185 34 86 1 1 52 449
prn,6,prn_s6,8,16,50.0,150,15.5,1 10 1 2993 1 1 1 47 3009 74 52 86 3 2 38 21
pruned,-1,pruned,3,16,18.75,150,56.5,266 266 33 363 1 1 11 12 351 1941 80 86 271 1 31 27
pruned_div02,-1,pruned_div02,5,16,31.25,150,43.5,176 74 11 244 2 2 13 1 245 56 133 86 131 1 31 2
pruned_div03,-1,pruned_div03,6,16,37.5,150,53.0,213 205 2 2814 1 2 2 8 2811 32 91 86 207 1 42 64
pruned_div04,-1,pruned_div04,5,16,31.25,150,67.5,386 464 2 2657 1 3 2 14 2657 126 165 86 403 1 49 25
random_mask_1,-1,random_mask_1,5,16,31.25,150,155.0,224 242 3 1823 1 1 10 234 1758 41 251 86 228 1 43 242
random_mask_2,-1,random_mask_2,6,16,37.5,150,52.5,87 97 1 93 1 1 1 7 92 24 218 86 93 1 48 57
random_mask_3,-1,random_mask_3,5,16,31.25,150,79.0,79 55 2 3094 2 4 1 225 3093 13 223 86 102 1 79 207
random_mask_4,-1,random_mask_4,7,16,43.75,150,68.5,161 180 2 722 1 1 2 1 733 51 121 86 163 1 213 1
random_mask_5,-1,random_mask_5,7,16,43.75,150,49.5,813 796 2 378 3 4 1 8 377 10 351 86 807 1 125 13
