variant,run,CCLE,gCSI
broad,hdca_gdsc12_broad_div03_s1|seed1,0.7739957982615477,0.7513688673162033
broad,hdca_gdsc12_broad_div03_s2|seed2,0.7719576747408834,0.7505769302854797
broad,hdca_gdsc12_broad_div03_s3|seed3,0.7734622708890432,0.7551440834596521
broad,hdca_gdsc12_broad_div03_s4|seed4,0.7816912528331454,0.7475743854310906
broad,hdca_gdsc12_broad_div03_s5|seed5,0.7729056642226974,0.7601873723781375
broad,hdca_gdsc12_broad_div03_s6|seed6,0.7732856200113116,0.7574441974942584
dense,hdca_gdsc12_nomask_div03_s1|seed1,0.7572314382224693,0.7542471132005807
dense,hdca_gdsc12_nomask_div03_s2|seed2,0.7560627156174891,0.7676374215729453
dense,hdca_gdsc12_nomask_div03_s3|seed3,0.7735914202456847,0.7384911477886873
dense,hdca_gdsc12_nomask_div03_s4|seed4,0.7640668263388595,0.7568619333903424
dense,hdca_gdsc12_nomask_div03_s5|seed5,0.7785406773810586,0.7456636866972274
dense,hdca_gdsc12_nomask_div03_s6|seed6,0.7749483330224509,0.744245001478661
reference,hdca_cross_npz|seed1,0.7718756822463438,0.7616926293471002
reference,hdca_cross_npz|seed2,0.7763536802340156,0.7605076517009054
reference,hdca_cross_npz|seed3,0.7732004580193457,0.7602064086196094
reference,hdca_cross_npz|seed4,0.7762065660879301,0.7624349974968694
reference,hdca_cross_npz|seed5,0.776145361494445,0.7599701419645398
reference,hdca_cross_npz|seed6,0.7665705396205857,0.7599461831087481
sham,hdca_gdsc12_random_mask_1|seed42,0.7719787746762166,0.7527304481146986
sham,hdca_gdsc12_random_mask_2|seed42,0.774255814667892,0.7579411259760245
sham,hdca_gdsc12_random_mask_3|seed42,0.776087133479801,0.7536638284851888
sham,hdca_gdsc12_random_mask_4|seed42,0.7629335997895412,0.7569128086619804
sham,hdca_gdsc12_random_mask_5|seed42,0.7777962148141337,0.7470649826252223
