cohort,scale,model,n_drugs,n_seeds,within_pcc,sd
CCLE,native,HDCA-Net,17,6,0.439360567249222,0.015322546458448391
CCLE,aligned,HDCA-Net,13,6,0.46301864097863127,0.010575052111443316
CCLE,native,GraphDRP,17,6,0.2715465453921438,0.04294532576924006
CCLE,aligned,GraphDRP,13,6,0.3072580483234146,0.048508528319174606
CCLE,native,DeepCDR,17,6,0.3535761553999846,0.0666063195022025
CCLE,aligned,DeepCDR,13,6,0.3933405134322217,0.07456825785430252
CCLE,native,TGSA,17,6,0.2482852237046517,0.05559109166965485
CCLE,aligned,TGSA,13,6,0.28877242361336847,0.055633242212464656
CCLE,native,PANCDR,17,6,0.2361476950392982,0.052335857618351175
CCLE,aligned,PANCDR,13,6,0.26667160152274577,0.05741650012003493
CCLE,native,DRPreter,13,6,0.4861731153520712,0.0026072939388755005
CCLE,aligned,DRPreter,13,6,0.4861731153520712,0.0026072939388755005
gCSI,native,HDCA-Net,31,6,0.35001882876191387,0.0053482243776463104
gCSI,aligned,HDCA-Net,27,6,0.3821220099622564,0.0070976003102214795
gCSI,native,GraphDRP,31,6,0.2359837024052506,0.023124699914509043
gCSI,aligned,GraphDRP,27,6,0.24868110275003838,0.018907962507805052
gCSI,native,DeepCDR,31,6,0.27357382204470065,0.049669424589393545
gCSI,aligned,DeepCDR,27,6,0.28188797195892934,0.050349823412243554
gCSI,native,TGSA,31,6,0.2245202558407631,0.05344892335873184
gCSI,aligned,TGSA,27,6,0.23782540413250328,0.05028405320970013
gCSI,native,PANCDR,31,6,0.21341113634955258,0.01770816338440671
gCSI,aligned,PANCDR,27,6,0.23120385724699197,0.016924083596234582
gCSI,native,DRPreter,27,6,0.3880406919799666,0.004877380922636521
gCSI,aligned,DRPreter,27,6,0.3880406919799666,0.004877380922636521
